年份,期号,正码1,正码2,正码3,正码4,正码5,正码6,特码
2023,2023001,44(猪/水),25(马/木),3(龙/火),16(兔/木),10(鸡/火),20(猪/土),6(牛/土)
2023,2023002,30(牛/水),32(猪/火),31(鼠/水),39(龙/木),44(猪/水),24(羊/木),26(蛇/金)
2023,2023003,42(牛/金),40(兔/火),30(牛/水),5(虎/金),14(蛇/水),45(狗/水),19(鼠/火)
2023,2023004,39(龙/木),36(羊/土),28(兔/土),49(马/火),12(羊/金),24(羊/木),40(兔/火)
2023,2023005,1(马/水),44(猪/水),16(兔/木),22(鸡/水),38(蛇/木),32(猪/火),19(鼠/火)
2023,2023006,13(马/金),35(猴/金),31(鼠/水),1(马/水),5(虎/金),6(牛/土),23(猴/水)
2023,2023007,36(羊/土),10(鸡/火),3(龙/火),5(虎/金),4(兔/金),8(猪/木),19(鼠/火)
2023,2023008,27(龙/金),41(虎/火),45(狗/水),22(鸡/水),25(马/木),5(虎/金),20(猪/土)
2023,2023009,11(猴/火),17(虎/木),12(羊/金),15(龙/水),22(鸡/水),7(鼠/土),6(牛/土)
2023,2023010,46(鸡/木),16(兔/木),1(马/水),14(蛇/水),6(牛/土),2(蛇/火),36(羊/土)
2023,2023011,45(狗/水),14(蛇/水),9(狗/木),24(羊/木),29(虎/土),32(猪/火),43(鼠/金)
2023,2023012,5(虎/金),21(狗/土),24(羊/木),12(羊/金),15(龙/水),41(虎/火),22(鸡/水)
2023,2023013,26(蛇/金),34(鸡/金),38(蛇/木),8(猪/木),17(虎/木),24(羊/木),18(牛/火)
2023,2023014,43(鼠/金),32(猪/火),14(蛇/水),17(虎/木),26(蛇/金),37(马/土),20(猪/土)
2023,2023015,38(蛇/木),29(虎/土),32(猪/火),18(牛/火),20(猪/土),33(狗/火),39(龙/木)
2023,2023016,41(虎/火),32(猪/火),25(马/木),7(鼠/土),46(鸡/木),27(龙/金),17(虎/木)
2023,2023017,49(马/火),31(鼠/水),3(龙/火),39(龙/木),18(牛/火),41(虎/火),23(猴/水)
2023,2023018,3(龙/火),4(兔/金),29(虎/土),44(猪/水),27(龙/金),35(猴/金),47(猴/木)
2023,2023019,34(鸡/金),23(猴/水),19(鼠/火),22(鸡/水),45(狗/水),27(龙/金),17(虎/木)
2023,2023020,4(兔/金),42(牛/金),36(羊/土),16(兔/木),11(猴/火),3(龙/火),29(虎/土)
2023,2023021,12(羊/金),15(龙/水),8(猪/木),38(蛇/木),36(羊/土),21(狗/土),35(猴/金)
2023,2023022,21(狗/土),28(兔/土),36(羊/土),44(猪/水),34(鸡/金),30(牛/水),41(虎/火)
2023,2023023,11(猴/火),41(虎/火),43(鼠/金),33(狗/火),48(羊/火),36(羊/土),20(猪/土)
2023,2023024,49(马/火),41(虎/火),35(猴/金),30(牛/水),3(龙/火),31(鼠/水),1(马/水)
2023,2023025,23(猴/水),27(龙/金),21(狗/土),34(鸡/金),14(蛇/水),10(鸡/火),32(猪/火)
2023,2023026,18(牛/火),3(龙/火),36(羊/土),6(牛/土),34(鸡/金),14(蛇/水),30(牛/水)
2023,2023027,6(牛/土),23(猴/水),7(鼠/土),31(鼠/水),18(牛/火),47(猴/木),28(兔/土)
2023,2023028,13(马/金),44(猪/水),5(虎/金),28(兔/土),30(牛/水),32(猪/火),9(狗/木)
2023,2023029,19(鼠/火),9(狗/木),26(蛇/金),30(牛/水),35(猴/金),27(龙/金),16(兔/木)
2023,2023030,21(狗/土),27(龙/金),22(鸡/水),36(羊/土),23(猴/水),8(猪/木),3(龙/火)
2023,2023031,12(羊/金),40(兔/火),31(鼠/水),48(羊/火),26(蛇/金),15(龙/水),7(鼠/土)
2023,2023032,35(猴/金),22(鸡/水),27(龙/金),46(鸡/木),3(龙/火),23(猴/水),40(兔/火)
2023,2023033,48(羊/火),44(猪/水),45(狗/水),26(蛇/金),29(虎/土),25(马/木),30(牛/水)
2023,2023034,3(龙/火),49(马/火),42(牛/金),44(猪/水),45(狗/水),48(羊/火),11(猴/火)
2023,2023035,12(羊/金),48(羊/火),38(蛇/木),15(龙/水),20(猪/土),18(牛/火),44(猪/水)
2023,2023036,16(兔/木),41(虎/火),38(蛇/木),14(蛇/水),25(马/木),48(羊/火),29(虎/土)
2023,2023037,18(牛/火),42(牛/金),20(猪/土),39(龙/木),49(马/火),4(兔/金),10(鸡/火)
2023,2023038,31(鼠/水),46(鸡/木),3(龙/火),38(蛇/木),27(龙/金),26(蛇/金),6(牛/土)
2023,2023039,41(虎/火),17(虎/木),14(蛇/水),8(猪/木),10(鸡/火),27(龙/金),19(鼠/火)
2023,2023040,9(狗/木),3(龙/火),25(马/木),38(蛇/木),32(猪/火),42(牛/金),40(兔/火)
2024,2024001,25(马/木),18(牛/火),6(牛/土),14(蛇/水),29(虎/土),39(龙/木),22(鸡/水)
2024,2024002,13(马/金),4(兔/金),10(鸡/火),6(牛/土),5(虎/金),28(兔/土),37(马/土)
2024,2024003,28(兔/土),1(马/水),16(兔/木),47(猴/木),18(牛/火),42(牛/金),33(狗/火)
2024,2024004,45(狗/水),16(兔/木),17(虎/木),7(鼠/土),37(马/土),28(兔/土),33(狗/火)
2024,2024005,35(猴/金),21(狗/土),10(鸡/火),3(龙/火),32(猪/火),40(兔/火),8(猪/木)
2024,2024006,3(龙/火),13(马/金),12(羊/金),28(兔/土),1(马/水),18(牛/火),4(兔/金)
2024,2024007,32(猪/火),12(羊/金),48(羊/火),45(狗/水),39(龙/木),7(鼠/土),15(龙/水)
2024,2024008,13(马/金),24(羊/木),48(羊/火),23(猴/水),32(猪/火),20(猪/土),46(鸡/木)
2024,2024009,23(猴/水),17(虎/木),43(鼠/金),1(马/水),10(鸡/火),13(马/金),30(牛/水)
2024,2024010,37(马/土),18(牛/火),17(虎/木),47(猴/木),21(狗/土),23(猴/水),25(马/木)
2024,2024011,7(鼠/土),45(狗/水),3(龙/火),30(牛/水),1(马/水),10(鸡/火),6(牛/土)
2024,2024012,24(羊/木),32(猪/火),10(鸡/火),15(龙/水),37(马/土),4(兔/金),39(龙/木)
2024,2024013,42(牛/金),43(鼠/金),36(羊/土),11(猴/火),25(马/木),47(猴/木),7(鼠/土)
2024,2024014,48(羊/火),20(猪/土),30(牛/水),39(龙/木),41(虎/火),6(牛/土),27(龙/金)
2024,2024015,13(马/金),37(马/土),2(蛇/火),3(龙/火),43(鼠/金),12(羊/金),36(羊/土)
2024,2024016,40(兔/火),22(鸡/水),27(龙/金),42(牛/金),43(鼠/金),39(龙/木),21(狗/土)
2024,2024017,42(牛/金),29(虎/土),20(猪/土),49(马/火),22(鸡/水),6(牛/土),38(蛇/木)
2024,2024018,12(羊/金),1(马/水),24(羊/木),33(狗/火),21(狗/土),44(猪/水),10(鸡/火)
2024,2024019,3(龙/火),23(猴/水),49(马/火),13(马/金),39(龙/木),26(蛇/金),6(牛/土)
2024,2024020,44(猪/水),4(兔/金),47(猴/木),1(马/水),49(马/火),14(蛇/水),34(鸡/金)
2024,2024021,39(龙/木),19(鼠/火),24(羊/木),31(鼠/水),32(猪/火),30(牛/水),14(蛇/水)
2024,2024022,27(龙/金),23(猴/水),26(蛇/金),14(蛇/水),16(兔/木),18(牛/火),4(兔/金)
2024,2024023,15(龙/水),43(鼠/金),6(牛/土),30(牛/水),16(兔/木),9(狗/木),45(狗/水)
2024,2024024,3(龙/火),45(狗/水),18(牛/火),40(兔/火),28(兔/土),2(蛇/火),41(虎/火)
2024,2024025,17(虎/木),42(牛/金),28(兔/土),44(猪/水),5(虎/金),20(猪/土),30(牛/水)
2024,2024026,36(羊/土),25(马/木),7(鼠/土),2(蛇/火),34(鸡/金),9(狗/木),37(马/土)
2024,2024027,2(蛇/火),6(牛/土),28(兔/土),32(猪/火),45(狗/水),16(兔/木),25(马/木)
2024,2024028,34(鸡/金),14(蛇/水),29(虎/土),33(狗/火),5(虎/金),28(兔/土),40(兔/火)
2024,2024041,45(狗/水),4(兔/金),19(鼠/火),12(羊/金),6(牛/土),27(龙/金),41(虎/火)
2024,2024042,19(鼠/火),2(蛇/火),11(猴/火),10(鸡/火),17(虎/木),48(羊/火),15(龙/水)
2024,2024043,16(兔/木),1(马/水),29(虎/土),39(龙/木),37(马/土),7(鼠/土),42(牛/金)
2024,2024044,43(鼠/金),5(虎/金),16(兔/木),34(鸡/金),30(牛/水),38(蛇/木),2(蛇/火)
2024,2024045,17(虎/木),9(狗/木),22(鸡/水),40(兔/火),37(马/土),13(马/金),28(兔/土)
2024,2024046,43(鼠/金),48(羊/火),49(马/火),31(鼠/水),13(马/金),40(兔/火),2(蛇/火)
2024,2024047,14(蛇/水),29(虎/土),36(羊/土),10(鸡/火),13(马/金),33(狗/火),9(狗/木)
2024,2024048,49(马/火),9(狗/木),13(马/金),22(鸡/水),42(牛/金),5(虎/金),30(牛/水)
2024,2024049,31(鼠/水),28(兔/土),44(猪/水),29(虎/土),40(兔/火),36(羊/土),35(猴/金)
2024,2024050,3(龙/火),47(猴/木),42(牛/金),44(猪/水),5(虎/金),37(马/土),39(龙/木)
2024,2024051,8(猪/木),36(羊/土),43(鼠/金),6(牛/土),29(虎/土),35(猴/金),12(羊/金)
2024,2024052,34(鸡/金),47(猴/木),36(羊/土),29(虎/土),48(羊/火),2(蛇/火),9(狗/木)
2024,2024053,10(鸡/火),15(龙/水),24(羊/木),47(猴/木),40(兔/火),33(狗/火),25(马/木)
2024,2024054,42(牛/金),14(蛇/水),35(猴/金),29(虎/土),15(龙/水),5(虎/金),9(狗/木)
2024,2024055,40(兔/火),48(羊/火),22(鸡/水),47(猴/木),16(兔/木),18(牛/火),31(鼠/水)
2024,2024056,37(马/土),42(牛/金),5(虎/金),17(虎/木),12(羊/金),2(蛇/火),23(猴/水)
2024,2024057,23(猴/水),31(鼠/水),7(鼠/土),32(猪/火),47(猴/木),26(蛇/金),46(鸡/木)
2024,2024058,22(鸡/水),23(猴/水),33(狗/火),34(鸡/金),49(马/火),19(鼠/火),31(鼠/水)
2024,2024059,15(龙/水),25(马/木),9(狗/木),43(鼠/金),49(马/火),46(鸡/木),30(牛/水)
2024,2024060,43(鼠/金),45(狗/水),31(鼠/水),16(兔/木),27(龙/金),38(蛇/木),44(猪/水)
2024,2024061,20(猪/土),44(猪/水),13(马/金),37(马/土),5(虎/金),26(蛇/金),33(狗/火)
2024,2024062,43(鼠/金),13(马/金),15(龙/水),37(马/土),3(龙/火),45(狗/水),49(马/火)
2024,2024063,43(鼠/金),25(马/木),36(羊/土),24(羊/木),18(牛/火),32(猪/火),31(鼠/水)
2024,2024064,25(马/木),5(虎/金),37(马/土),36(羊/土),40(兔/火),2(蛇/火),46(鸡/木)
2024,2024065,18(牛/火),2(蛇/火),21(狗/土),16(兔/木),26(蛇/金),43(鼠/金),4(兔/金)
2024,2024066,43(鼠/金),47(猴/木),4(兔/金),5(虎/金),37(马/土),16(兔/木),42(牛/金)
2024,2024067,30(牛/水),44(猪/水),23(猴/水),42(牛/金),31(鼠/水),1(马/水),34(鸡/金)
2024,2024068,23(猴/水),38(蛇/木),21(狗/土),18(牛/火),44(猪/水),39(龙/木),20(猪/土)
2024,2024069,41(虎/火),40(兔/火),38(蛇/木),3(龙/火),19(鼠/火),7(鼠/土),8(猪/木)
2024,2024070,27(龙/金),12(羊/金),9(狗/木),33(狗/火),34(鸡/金),14(蛇/水),6(牛/土)
2024,2024071,48(羊/火),6(牛/土),23(猴/水),29(虎/土),2(蛇/火),4(兔/金),3(龙/火)
2024,2024072,27(龙/金),13(马/金),10(鸡/火),44(猪/水),45(狗/水),49(马/火),19(鼠/火)
2024,2024073,13(马/金),41(虎/火),7(鼠/土),31(鼠/水),26(蛇/金),27(龙/金),34(鸡/金)
2024,2024074,19(鼠/火),33(狗/火),2(蛇/火),31(鼠/水),49(马/火),41(虎/火),16(兔/木)
2024,2024075,22(鸡/水),26(蛇/金),3(龙/火),19(鼠/火),44(猪/水),38(蛇/木),16(兔/木)
2024,2024076,23(猴/水),44(猪/水),15(龙/水),6(牛/土),12(羊/金),27(龙/金),17(虎/木)
2024,2024077,9(狗/木),45(狗/水),43(鼠/金),41(虎/火),49(马/火),4(兔/金),32(猪/火)
2024,2024078,7(鼠/土),11(猴/火),44(猪/水),13(马/金),42(牛/金),27(龙/金),5(虎/金)
2024,2024079,15(龙/水),19(鼠/火),42(牛/金),48(羊/火),2(蛇/火),34(鸡/金),44(猪/水)
2024,2024080,39(龙/木),16(兔/木),42(牛/金),11(猴/火),46(鸡/木),3(龙/火),38(蛇/木)
2024,2024081,7(鼠/土),5(虎/金),22(鸡/水),23(猴/水),21(狗/土),36(羊/土),13(马/金)
2024,2024082,27(龙/金),35(猴/金),33(狗/火),1(马/水),12(羊/金),19(鼠/火),22(鸡/水)
2024,2024083,38(蛇/木),32(猪/火),35(猴/金),25(马/木),48(羊/火),19(鼠/火),22(鸡/水)
2024,2024084,25(马/木),9(狗/木),15(龙/水),13(马/金),23(猴/水),32(猪/火),5(虎/金)
2024,2024085,13(马/金),17(虎/木),47(猴/木),1(马/水),38(蛇/木),12(羊/金),35(猴/金)
2024,2024086,2(蛇/火),10(鸡/火),29(虎/土),31(鼠/水),28(兔/土),25(马/木),11(猴/火)
2024,2024087,2(蛇/火),21(狗/土),29(虎/土),46(鸡/木),43(鼠/金),13(马/金),6(牛/土)
2024,2024088,20(猪/土),48(羊/火),46(鸡/木),19(鼠/火),18(牛/火),6(牛/土),37(马/土)
2024,2024089,24(羊/木),12(羊/金),21(狗/土),18(牛/火),16(兔/木),36(羊/土),13(马/金)
2024,2024090,35(猴/金),37(马/土),49(马/火),41(虎/火),11(猴/火),6(牛/土),45(狗/水)
2024,2024091,2(蛇/火),30(牛/水),17(虎/木),28(兔/土),35(猴/金),49(马/火),34(鸡/金)
2024,2024092,18(牛/火),15(龙/水),33(狗/火),44(猪/水),31(鼠/水),20(猪/土),24(羊/木)
2024,2024093,38(蛇/木),10(鸡/火),42(牛/金),47(猴/木),3(龙/火),4(兔/金),41(虎/火)
2024,2024094,26(蛇/金),31(鼠/水),35(猴/金),36(羊/土),10(鸡/火),44(猪/水),33(狗/火)
2024,2024095,30(牛/水),19(鼠/火),38(蛇/木),1(马/水),17(虎/木),46(鸡/木),48(羊/火)
2024,2024096,41(虎/火),27(龙/金),28(兔/土),7(鼠/土),30(牛/水),31(鼠/水),5(虎/金)
2024,2024097,25(马/木),39(龙/木),13(马/金),11(猴/火),46(鸡/木),30(牛/水),10(鸡/火)
2024,2024098,25(马/木),15(龙/水),43(鼠/金),21(狗/土),6(牛/土),31(鼠/水),46(鸡/木)
2024,2024099,2(蛇/火),18(牛/火),11(猴/火),26(蛇/金),23(猴/水),44(猪/水),28(兔/土)
2024,2024100,5(虎/金),38(蛇/木),35(猴/金),32(猪/火),24(羊/木),6(牛/土),17(虎/木)
2024,2024101,29(虎/土),7(鼠/土),45(狗/水),6(牛/土),26(蛇/金),27(龙/金),21(狗/土)
2024,2024102,36(羊/土),41(虎/火),18(牛/火),8(猪/木),7(鼠/土),10(鸡/火),19(鼠/火)
2024,2024103,36(羊/土),19(鼠/火),33(狗/火),9(狗/木),20(猪/土),3(龙/火),5(虎/金)
2024,2024104,17(虎/木),15(龙/水),42(牛/金),39(龙/木),32(猪/火),24(羊/木),35(猴/金)
2024,2024105,19(鼠/火),7(鼠/土),14(蛇/水),10(鸡/火),30(牛/水),16(兔/木),49(马/火)
2024,2024106,25(马/木),46(鸡/木),49(马/火),47(猴/木),1(马/水),36(羊/土),16(兔/木)
2024,2024107,26(蛇/金),21(狗/土),4(兔/金),12(羊/金),16(兔/木),45(狗/水),46(鸡/木)
2024,2024108,17(虎/木),23(猴/水),21(狗/土),5(虎/金),47(猴/木),41(虎/火),46(鸡/木)
2024,2024109,22(鸡/水),41(虎/火),30(牛/水),40(兔/火),2(蛇/火),25(马/木),43(鼠/金)
2024,2024110,21(狗/土),34(鸡/金),10(鸡/火),35(猴/金),24(羊/木),6(牛/土),48(羊/火)
2024,2024111,18(牛/火),1(马/水),40(兔/火),16(兔/木),37(马/土),34(鸡/金),43(鼠/金)
2024,2024112,35(猴/金),44(猪/水),48(羊/火),29(虎/土),45(狗/水),36(羊/土),43(鼠/金)
2024,2024113,39(龙/木),37(马/土),48(羊/火),49(马/火),5(虎/金),19(鼠/火),24(羊/木)
2024,2024114,34(鸡/金),7(鼠/土),43(鼠/金),19(鼠/火),39(龙/木),1(马/水),18(牛/火)
2024,2024115,23(猴/水),46(鸡/木),10(鸡/火),44(猪/水),20(猪/土),33(狗/火),29(虎/土)
2024,2024116,2(蛇/火),11(猴/火),15(龙/水),12(羊/金),20(猪/土),8(猪/木),10(鸡/火)
2024,2024117,43(鼠/金),9(狗/木),14(蛇/水),29(虎/土),19(鼠/火),45(狗/水),25(马/木)
2024,2024118,41(虎/火),26(蛇/金),40(兔/火),43(鼠/金),46(鸡/木),49(马/火),21(狗/土)
2024,2024119,9(狗/木),16(兔/木),20(猪/土),2(蛇/火),27(龙/金),40(兔/火),32(猪/火)
2024,2024120,21(狗/土),10(鸡/火),5(虎/金),32(猪/火),25(马/木),22(鸡/水),29(虎/土)
2024,2024121,15(龙/水),24(羊/木),8(猪/木),43(鼠/金),33(狗/火),47(猴/木),2(蛇/火)
2024,2024122,25(马/木),10(鸡/火),2(蛇/火),20(猪/土),40(兔/火),15(龙/水),36(羊/土)
2024,2024123,9(狗/木),7(鼠/土),19(鼠/火),11(猴/火),10(鸡/火),31(鼠/水),21(狗/土)
2024,2024124,24(羊/木),36(羊/土),10(鸡/火),2(蛇/火),44(猪/水),34(鸡/金),22(鸡/水)
2024,2024125,19(鼠/火),17(虎/木),9(狗/木),26(蛇/金),15(龙/水),35(猴/金),12(羊/金)
2024,2024126,20(猪/土),44(猪/水),33(狗/火),45(狗/水),23(猴/水),14(蛇/水),7(鼠/土)
2024,2024127,19(鼠/火),41(虎/火),45(狗/水),30(牛/水),34(鸡/金),15(龙/水),48(羊/火)
2024,2024128,5(虎/金),24(羊/木),12(羊/金),45(狗/水),14(蛇/水),25(马/木),2(蛇/火)
2024,2024129,19(鼠/火),8(猪/木),28(兔/土),21(狗/土),47(猴/木),33(狗/火),49(马/火)
2024,2024130,13(马/金),1(马/水),32(猪/火),47(猴/木),21(狗/土),31(鼠/水),17(虎/木)
2024,2024131,23(猴/水),31(鼠/水),12(羊/金),27(龙/金),5(虎/金),43(鼠/金),4(兔/金)
2024,2024132,25(马/木),46(鸡/木),6(牛/土),18(牛/火),39(龙/木),44(猪/水),37(马/土)
2024,2024133,8(猪/木),9(狗/木),14(蛇/水),3(龙/火),23(猴/水),4(兔/金),19(鼠/火)
2024,2024134,34(鸡/金),5(虎/金),49(马/火),23(猴/水),38(蛇/木),31(鼠/水),7(鼠/土)
2024,2024135,3(龙/火),17(虎/木),44(猪/水),34(鸡/金),47(猴/木),40(兔/火),46(鸡/木)
2024,2024136,31(鼠/水),9(狗/木),47(猴/木),26(蛇/金),36(羊/土),10(鸡/火),44(猪/水)
2024,2024137,20(猪/土),42(牛/金),15(龙/水),26(蛇/金),1(马/水),10(鸡/火),16(兔/木)
2024,2024138,6(牛/土),20(猪/土),18(牛/火),26(蛇/金),19(鼠/火),5(虎/金),14(蛇/水)
2024,2024139,26(蛇/金),43(鼠/金),10(鸡/火),12(羊/金),25(马/木),46(鸡/木),14(蛇/水)
2024,2024140,5(虎/金),13(马/金),30(牛/水),36(羊/土),23(猴/水),7(鼠/土),35(猴/金)
2024,2024141,23(猴/水),5(虎/金),19(鼠/火),6(牛/土),28(兔/土),46(鸡/木),43(鼠/金)
2024,2024142,5(虎/金),2(蛇/火),23(猴/水),35(猴/金),31(鼠/水),22(鸡/水),27(龙/金)
2024,2024143,31(鼠/水),34(鸡/金),42(牛/金),35(猴/金),38(蛇/木),28(兔/土),12(羊/金)
2024,2024144,10(鸡/火),9(狗/木),2(蛇/火),17(虎/木),28(兔/土),5(虎/金),16(兔/木)
2024,2024145,45(狗/水),29(虎/土),27(龙/金),23(猴/水),11(猴/火),38(蛇/木),2(蛇/火)
2024,2024146,3(龙/火),15(龙/水),8(猪/木),28(兔/土),38(蛇/木),40(兔/火),43(鼠/金)
2024,2024147,21(狗/土),33(狗/火),6(牛/土),17(虎/木),38(蛇/木),35(猴/金),2(蛇/火)
2024,2024148,10(鸡/火),15(龙/水),45(狗/水),23(猴/水),49(马/火),9(狗/木),27(龙/金)
2024,2024149,12(羊/金),32(猪/火),45(狗/水),46(鸡/木),1(马/水),6(牛/土),22(鸡/水)
2024,2024150,24(羊/木),16(兔/木),45(狗/水),27(龙/金),40(兔/火),15(龙/水),33(狗/火)
2024,2024151,12(羊/金),41(虎/火),9(狗/木),5(虎/金),44(猪/水),26(蛇/金),48(羊/火)
2024,2024152,16(兔/木),35(猴/金),18(牛/火),30(牛/水),15(龙/水),40(兔/火),21(狗/土)
2024,2024153,34(鸡/金),28(兔/土),8(猪/木),27(龙/金),6(牛/土),16(兔/木),32(猪/火)
2024,2024154,14(蛇/水),8(猪/木),34(鸡/金),28(兔/土),36(羊/土),26(蛇/金),46(鸡/木)
2024,2024155,40(兔/火),29(虎/土),23(猴/水),47(猴/木),7(鼠/土),32(猪/火),44(猪/水)
2024,2024156,38(蛇/木),44(猪/水),6(牛/土),12(羊/金),26(蛇/金),25(马/木),42(牛/金)
2024,2024157,11(猴/火),13(马/金),47(猴/木),29(虎/土),41(虎/火),48(羊/火),45(狗/水)
2024,2024158,47(猴/木),12(羊/金),6(牛/土),27(龙/金),42(牛/金),5(虎/金),20(猪/土)
2024,2024159,29(虎/土),7(鼠/土),44(猪/水),49(马/火),6(牛/土),1(马/水),43(鼠/金)
2024,2024160,48(羊/火),15(龙/水),36(羊/土),49(马/火),32(猪/火),3(龙/火),27(龙/金)
2024,2024161,20(猪/土),23(猴/水),19(鼠/火),41(虎/火),47(猴/木),11(猴/火),35(猴/金)
2024,2024162,11(猴/火),25(马/木),6(牛/土),44(猪/水),5(虎/金),13(马/金),1(马/水)
2024,2024163,20(猪/土),31(鼠/水),25(马/木),42(牛/金),27(龙/金),1(马/水),40(兔/火)
2024,2024164,20(猪/土),7(鼠/土),42(牛/金),32(猪/火),19(鼠/火),24(羊/木),44(猪/水)
2024,2024165,40(兔/火),17(虎/木),26(蛇/金),37(马/土),41(虎/火),29(虎/土),3(龙/火)
2024,2024166,7(鼠/土),12(羊/金),15(龙/水),33(狗/火),29(虎/土),43(鼠/金),32(猪/火)
2024,2024167,32(猪/火),2(蛇/火),29(虎/土),11(猴/火),34(鸡/金),49(马/火),14(蛇/水)
2024,2024168,11(猴/火),32(猪/火),2(蛇/火),34(鸡/金),44(猪/水),10(鸡/火),14(蛇/水)
2024,2024169,22(鸡/水),3(龙/火),15(龙/水),9(狗/木),16(兔/木),40(兔/火),45(狗/水)
2024,2024170,12(羊/金),43(鼠/金),34(鸡/金),28(兔/土),1(马/水),8(猪/木),10(鸡/火)
2024,2024171,19(鼠/火),33(狗/火),42(牛/金),43(鼠/金),13(马/金),8(猪/木),16(兔/木)
2024,2024172,10(鸡/火),20(猪/土),7(鼠/土),30(牛/水),29(虎/土),5(虎/金),32(猪/火)
2024,2024173,11(猴/火),10(鸡/火),47(猴/木),41(虎/火),17(虎/木),9(狗/木),49(马/火)
2024,2024174,12(羊/金),31(鼠/水),2(蛇/火),45(狗/水),47(猴/木),43(鼠/金),48(羊/火)
2024,2024175,30(牛/水),4(兔/金),13(马/金),14(蛇/水),6(牛/土),16(兔/木),40(兔/火)
2024,2024176,28(兔/土),36(羊/土),15(龙/水),30(牛/水),12(羊/金),1(马/水),3(龙/火)
2024,2024177,49(马/火),12(羊/金),17(虎/木),48(羊/火),5(虎/金),36(羊/土),11(猴/火)
2024,2024178,45(狗/水),44(猪/水),12(羊/金),15(龙/水),11(猴/火),49(马/火),20(猪/土)
2024,2024179,23(猴/水),40(兔/火),25(马/木),12(羊/金),16(兔/木),35(猴/金),1(马/水)
2024,2024180,47(猴/木),28(兔/土),49(马/火),1(马/水),39(龙/木),11(猴/火),2(蛇/火)
2024,2024181,49(马/火),45(狗/水),46(鸡/木),23(猴/水),37(马/土),11(猴/火),27(龙/金)
2024,2024182,9(狗/木),20(猪/土),15(龙/水),30(牛/水),10(鸡/火),5(虎/金),27(龙/金)
2024,2024183,33(狗/火),49(马/火),15(龙/水),26(蛇/金),2(蛇/火),11(猴/火),25(马/木)
2024,2024184,18(牛/火),10(鸡/火),24(羊/木),21(狗/土),5(虎/金),27(龙/金),42(牛/金)
2024,2024185,38(蛇/木),44(猪/水),6(牛/土),12(羊/金),26(蛇/金),25(马/木),42(牛/金)
2024,2024186,42(牛/金),15(龙/水),38(蛇/木),23(猴/水),17(虎/木),43(鼠/金),29(虎/土)
2024,2024187,22(鸡/水),27(龙/金),2(蛇/火),33(狗/火),11(猴/火),19(鼠/火),39(龙/木)
2024,2024188,32(猪/火),7(鼠/土),33(狗/火),29(虎/土),8(猪/木),40(兔/火),46(鸡/木)
2024,2024189,42(牛/金),27(龙/金),32(猪/火),26(蛇/金),3(龙/火),20(猪/土),43(鼠/金)
2024,2024190,38(蛇/木),15(龙/水),12(羊/金),3(龙/火),16(兔/木),34(鸡/金),41(虎/火)
2024,2024191,11(猴/火),2(蛇/火),48(羊/火),19(鼠/火),38(蛇/木),22(鸡/水),39(龙/木)
2024,2024192,2(蛇/火),20(猪/土),3(龙/火),21(狗/土),27(龙/金),10(鸡/火),31(鼠/水)
2024,2024193,35(猴/金),32(猪/火),39(龙/木),49(马/火),26(蛇/金),1(马/水),4(兔/金)
2024,2024194,8(猪/木),46(鸡/木),15(龙/水),14(蛇/水),6(牛/土),32(猪/火),5(虎/金)
2024,2024195,34(鸡/金),40(兔/火),5(虎/金),17(虎/木),3(龙/火),26(蛇/金),21(狗/土)
2024,2024196,48(羊/火),7(鼠/土),12(羊/金),20(猪/土),6(牛/土),18(牛/火),39(龙/木)
2024,2024197,9(狗/木),3(龙/火),17(虎/木),15(龙/水),22(鸡/水),19(鼠/火),10(鸡/火)
2024,2024198,8(猪/木),19(鼠/火),44(猪/水),22(鸡/水),23(猴/水),43(鼠/金),16(兔/木)
2024,2024199,20(猪/土),4(兔/金),35(猴/金),36(羊/土),45(狗/水),8(猪/木),15(龙/水)
2024,2024200,10(鸡/火),49(马/火),46(鸡/木),28(兔/土),1(马/水),15(龙/水),43(鼠/金)
2024,2024201,43(鼠/金),20(猪/土),13(马/金),24(羊/木),8(猪/木),40(兔/火),25(马/木)
2024,2024202,33(狗/火),4(兔/金),23(猴/水),11(猴/火),19(鼠/火),29(虎/土),43(鼠/金)
2024,2024203,11(猴/火),31(鼠/水),12(羊/金),20(猪/土),9(狗/木),48(羊/火),45(狗/水)
2024,2024204,27(龙/金),30(牛/水),3(龙/火),34(鸡/金),31(鼠/水),4(兔/金),5(虎/金)
2024,2024205,10(鸡/火),25(马/木),30(牛/水),16(兔/木),7(鼠/土),42(牛/金),40(兔/火)
2024,2024206,26(蛇/金),11(猴/火),43(鼠/金),31(鼠/水),36(羊/土),16(兔/木),14(蛇/水)
2024,2024207,15(龙/水),24(羊/木),47(猴/木),1(马/水),5(虎/金),11(猴/火),18(牛/火)
2024,2024208,42(牛/金),28(兔/土),3(龙/火),11(猴/火),5(虎/金),13(马/金),4(兔/金)
2024,2024209,21(狗/土),46(鸡/木),5(虎/金),29(虎/土),39(龙/木),12(羊/金),33(狗/火)
2024,2024210,33(狗/火),25(马/木),24(羊/木),7(鼠/土),14(蛇/水),26(蛇/金),19(鼠/火)
2024,2024211,32(猪/火),45(狗/水),9(狗/木),27(龙/金),12(羊/金),43(鼠/金),20(猪/土)
2024,2024212,44(猪/水),13(马/金),32(猪/火),40(兔/火),22(鸡/水),17(虎/木),49(马/火)
2024,2024213,29(虎/土),22(鸡/水),17(虎/木),19(鼠/火),40(兔/火),4(兔/金),38(蛇/木)
2024,2024214,32(猪/火),48(羊/火),18(牛/火),27(龙/金),44(猪/水),36(羊/土),6(牛/土)
2024,2024215,13(马/金),21(狗/土),26(蛇/金),32(猪/火),33(狗/火),2(蛇/火),20(猪/土)
2024,2024216,18(牛/火),7(鼠/土),9(狗/木),6(牛/土),28(兔/土),36(羊/土),15(龙/水)
2024,2024217,22(鸡/水),37(马/土),49(马/火),18(牛/火),11(猴/火),30(牛/水),15(龙/水)
2024,2024218,12(羊/金),27(龙/金),7(鼠/土),13(马/金),3(龙/火),20(猪/土),37(马/土)
2024,2024219,47(猴/木),5(虎/金),40(兔/火),12(羊/金),42(牛/金),9(狗/木),14(蛇/水)
2024,2024220,49(马/火),16(兔/木),24(羊/木),4(兔/金),5(虎/金),33(狗/火),21(狗/土)
2024,2024221,42(牛/金),14(蛇/水),48(羊/火),7(鼠/土),30(牛/水),16(兔/木),1(马/水)
2024,2024222,33(狗/火),36(羊/土),26(蛇/金),41(虎/火),8(猪/木),13(马/金),19(鼠/火)
2024,2024223,45(狗/水),23(猴/水),24(羊/木),33(狗/火),15(龙/水),18(牛/火),30(牛/水)
2024,2024224,43(鼠/金),5(虎/金),10(鸡/火),19(鼠/火),30(牛/水),16(兔/木),22(鸡/水)
2024,2024225,36(羊/土),12(羊/金),39(龙/木),28(兔/土),43(鼠/金),40(兔/火),5(虎/金)
2024,2024226,16(兔/木),3(龙/火),7(鼠/土),17(虎/木),42(牛/金),24(羊/木),34(鸡/金)
2024,2024227,13(马/金),17(虎/木),29(虎/土),34(鸡/金),48(羊/火),28(兔/土),20(猪/土)
2024,2024228,26(蛇/金),18(牛/火),43(鼠/金),10(鸡/火),21(狗/土),28(兔/土),37(马/土)
2024,2024229,26(蛇/金),28(兔/土),49(马/火),16(兔/木),34(鸡/金),25(马/木),5(虎/金)
2024,2024230,45(狗/水),48(羊/火),5(虎/金),33(狗/火),43(鼠/金),25(马/木),49(马/火)
2024,2024231,38(蛇/木),39(龙/木),9(狗/木),5(虎/金),49(马/火),2(蛇/火),17(虎/木)
2024,2024232,3(龙/火),48(羊/火),24(羊/木),39(龙/木),25(马/木),44(猪/水),2(蛇/火)
2024,2024233,1(马/水),8(猪/木),42(牛/金),43(鼠/金),34(鸡/金),27(龙/金),23(猴/水)
2024,2024234,42(牛/金),33(狗/火),19(鼠/火),45(狗/水),4(兔/金),43(鼠/金),7(鼠/土)
2024,2024235,25(马/木),38(蛇/木),17(虎/木),13(马/金),29(虎/土),30(牛/水),24(羊/木)
2024,2024236,39(龙/木),18(牛/火),17(虎/木),25(马/木),47(猴/木),10(鸡/火),3(龙/火)
2024,2024237,43(鼠/金),31(鼠/水),44(猪/水),45(狗/水),1(马/水),36(羊/土),6(牛/土)
2024,2024238,32(猪/火),42(牛/金),17(虎/木),29(虎/土),2(蛇/火),46(鸡/木),18(牛/火)
2024,2024239,24(羊/木),45(狗/水),7(鼠/土),26(蛇/金),25(马/木),42(牛/金),31(鼠/水)
2024,2024240,29(虎/土),10(鸡/火),3(龙/火),43(鼠/金),38(蛇/木),9(狗/木),24(羊/木)
2024,2024241,20(猪/土),24(羊/木),46(鸡/木),42(牛/金),39(龙/木),21(狗/土),4(兔/金)
2024,2024242,36(羊/土),26(蛇/金),27(龙/金),29(虎/土),47(猴/木),43(鼠/金),30(牛/水)
2024,2024243,49(马/火),7(鼠/土),9(狗/木),19(鼠/火),11(猴/火),38(蛇/木),1(马/水)
2024,2024244,26(蛇/金),19(鼠/火),13(马/金),23(猴/水),15(龙/水),47(猴/木),3(龙/火)
2024,2024245,13(马/金),6(牛/土),31(鼠/水),32(猪/火),25(马/木),35(猴/金),17(虎/木)
2024,2024246,2(蛇/火),46(鸡/木),25(马/木),29(虎/土),38(蛇/木),27(龙/金),15(龙/水)
2024,2024247,33(狗/火),13(马/金),45(狗/水),46(鸡/木),29(虎/土),22(鸡/水),31(鼠/水)
2024,2024248,5(虎/金),34(鸡/金),14(蛇/水),29(虎/土),19(鼠/火),32(猪/火),11(猴/火)
2024,2024249,1(马/水),44(猪/水),15(龙/水),6(牛/土),37(马/土),38(蛇/木),32(猪/火)
2024,2024250,14(蛇/水),15(龙/水),28(兔/土),33(狗/火),41(虎/火),19(鼠/火),24(羊/木)
2024,2024251,31(鼠/水),30(牛/水),29(虎/土),22(鸡/水),12(羊/金),6(牛/土),14(蛇/水)
2024,2024252,32(猪/火),40(兔/火),1(马/水),44(猪/水),35(猴/金),8(猪/木),36(羊/土)
2024,2024253,1(马/水),19(鼠/火),23(猴/水),27(龙/金),28(兔/土),29(虎/土),47(猴/木)
2024,2024254,44(猪/水),25(马/木),13(马/金),4(兔/金),21(狗/土),10(鸡/火),27(龙/金)
2024,2024255,36(羊/土),34(鸡/金),22(鸡/水),35(猴/金),16(兔/木),21(狗/土),30(牛/水)
2024,2024256,40(兔/火),24(羊/木),37(马/土),21(狗/土),38(蛇/木),42(牛/金),39(龙/木)
2024,2024257,46(鸡/木),3(龙/火),20(猪/土),35(猴/金),15(龙/水),11(猴/火),8(猪/木)
2024,2024258,35(猴/金),18(牛/火),3(龙/火),17(虎/木),25(马/木),11(猴/火),40(兔/火)
2024,2024259,6(牛/土),9(狗/木),2(蛇/火),33(狗/火),8(猪/木),3(龙/火),29(虎/土)
2024,2024260,31(鼠/水),23(猴/水),7(鼠/土),49(马/火),24(羊/木),17(虎/木),40(兔/火)
2024,2024261,10(鸡/火),24(羊/木),44(猪/水),32(猪/火),7(鼠/土),31(鼠/水),1(马/水)
2024,2024262,16(兔/木),24(羊/木),29(虎/土),22(鸡/水),15(龙/水),13(马/金),44(猪/水)
2024,2024263,44(猪/水),22(鸡/水),8(猪/木),5(虎/金),47(猴/木),20(猪/土),13(马/金)
2024,2024264,32(猪/火),44(猪/水),45(狗/水),19(鼠/火),43(鼠/金),33(狗/火),30(牛/水)
2024,2024265,17(虎/木),7(鼠/土),38(蛇/木),2(蛇/火),23(猴/水),40(兔/火),16(兔/木)
2024,2024266,19(鼠/火),37(马/土),3(龙/火),41(虎/火),40(兔/火),31(鼠/水),27(龙/金)
2024,2024267,21(狗/土),38(蛇/木),22(鸡/水),16(兔/木),1(马/水),34(鸡/金),12(羊/金)
2024,2024268,34(鸡/金),26(蛇/金),9(狗/木),27(龙/金),17(虎/木),35(猴/金),22(鸡/水)
2024,2024269,24(羊/木),26(蛇/金),36(羊/土),23(猴/水),38(蛇/木),33(狗/火),11(猴/火)
2024,2024270,24(羊/木),4(兔/金),46(鸡/木),1(马/水),12(羊/金),49(马/火),42(牛/金)
2024,2024271,49(马/火),29(虎/土),22(鸡/水),16(兔/木),48(羊/火),17(虎/木),40(兔/火)
2024,2024272,17(虎/木),10(鸡/火),24(羊/木),34(鸡/金),12(羊/金),18(牛/火),30(牛/水)
2024,2024273,18(牛/火),47(猴/木),24(羊/木),30(牛/水),5(虎/金),12(羊/金),41(虎/火)
2024,2024274,41(虎/火),16(兔/木),28(兔/土),23(猴/水),29(虎/土),35(猴/金),49(马/火)
2024,2024275,40(兔/火),5(虎/金),9(狗/木),49(马/火),25(马/木),30(牛/水),41(虎/火)
2024,2024276,25(马/木),13(马/金),41(虎/火),39(龙/木),21(狗/土),16(兔/木),29(虎/土)
2024,2024277,11(猴/火),2(蛇/火),9(狗/木),45(狗/水),35(猴/金),27(龙/金),26(蛇/金)
2024,2024278,28(兔/土),38(蛇/木),46(鸡/木),2(蛇/火),23(猴/水),31(鼠/水),7(鼠/土)
2024,2024279,29(虎/土),16(兔/木),2(蛇/火),9(狗/木),49(马/火),5(虎/金),40(兔/火)
2024,2024280,5(虎/金),14(蛇/水),40(兔/火),28(兔/土),2(蛇/火),13(马/金),22(鸡/水)
2024,2024281,15(龙/水),35(猴/金),13(马/金),23(猴/水),26(蛇/金),39(龙/木),43(鼠/金)
2024,2024282,47(猴/木),19(鼠/火),3(龙/火),40(兔/火),9(狗/木),34(鸡/金),13(马/金)
2024,2024283,2(蛇/火),24(羊/木),29(虎/土),27(龙/金),7(鼠/土),39(龙/木),47(猴/木)
2024,2024284,5(虎/金),40(兔/火),39(龙/木),11(猴/火),37(马/土),29(虎/土),27(龙/金)
2024,2024285,43(鼠/金),4(兔/金),46(鸡/木),28(兔/土),14(蛇/水),19(鼠/火),21(狗/土)
2024,2024286,25(马/木),30(牛/水),14(蛇/水),9(狗/木),10(鸡/火),15(龙/水),45(狗/水)
2024,2024287,18(牛/火),37(马/土),29(虎/土),21(狗/土),12(羊/金),36(羊/土),40(兔/火)
2024,2024288,30(牛/水),11(猴/火),27(龙/金),15(龙/水),18(牛/火),45(狗/水),26(蛇/金)
2024,2024289,27(龙/金),37(马/土),30(牛/水),15(龙/水),48(羊/火),20(猪/土),4(兔/金)
2024,2024290,14(蛇/水),35(猴/金),43(鼠/金),44(猪/水),37(马/土),16(兔/木),11(猴/火)
2024,2024291,11(猴/火),1(马/水),29(虎/土),31(鼠/水),38(蛇/木),8(猪/木),14(蛇/水)
2024,2024292,31(鼠/水),26(蛇/金),6(牛/土),19(鼠/火),35(猴/金),48(羊/火),44(猪/水)
2024,2024293,10(鸡/火),48(羊/火),37(马/土),18(牛/火),46(鸡/木),5(虎/金),30(牛/水)
2024,2024294,36(羊/土),13(马/金),11(猴/火),15(龙/水),26(蛇/金),27(龙/金),48(羊/火)
2024,2024295,48(羊/火),14(蛇/水),49(马/火),18(牛/火),9(狗/木),38(蛇/木),24(羊/木)
2024,2024296,41(虎/火),5(虎/金),47(猴/木),10(鸡/火),40(兔/火),16(兔/木),9(狗/木)
2024,2024297,43(鼠/金),2(蛇/火),30(牛/水),39(龙/木),12(羊/金),3(龙/火),49(马/火)
2024,2024298,31(鼠/水),17(虎/木),3(龙/火),29(虎/土),18(牛/火),8(猪/木),44(猪/水)
2024,2024299,3(龙/火),10(鸡/火),37(马/土),31(鼠/水),17(虎/木),43(鼠/金),21(狗/土)
2024,2024300,42(牛/金),22(鸡/水),45(狗/水),19(鼠/火),7(鼠/土),25(马/木),46(鸡/木)
2024,2024301,30(牛/水),34(鸡/金),25(马/木),33(狗/火),31(鼠/水),44(猪/水),16(兔/木)
2024,2024302,42(牛/金),49(马/火),12(羊/金),4(兔/金),32(猪/火),20(猪/土),24(羊/木)
2024,2024303,23(猴/水),44(猪/水),49(马/火),34(鸡/金),17(虎/木),4(兔/金),38(蛇/木)
2024,2024304,3(龙/火),26(蛇/金),9(狗/木),36(羊/土),38(蛇/木),37(马/土),17(虎/木)
2024,2024305,10(鸡/火),38(蛇/木),45(狗/水),17(虎/木),44(猪/水),3(龙/火),32(猪/火)
2024,2024306,21(狗/土),41(虎/火),43(鼠/金),33(狗/火),26(蛇/金),30(牛/水),8(猪/木)
2024,2024307,44(猪/水),27(龙/金),37(马/土),34(鸡/金),48(羊/火),24(羊/木),3(龙/火)
2024,2024308,44(猪/水),34(鸡/金),41(虎/火),20(猪/土),21(狗/土),43(鼠/金),22(鸡/水)
2024,2024309,19(鼠/火),35(猴/金),29(虎/土),25(马/木),1(马/水),27(龙/金),9(狗/木)
2024,2024310,31(鼠/水),38(蛇/木),19(鼠/火),41(虎/火),23(猴/水),24(羊/木),4(兔/金)
2024,2024311,49(马/火),26(蛇/金),29(虎/土),41(虎/火),36(羊/土),25(马/木),21(狗/土)
2024,2024312,39(龙/木),26(蛇/金),45(狗/水),7(鼠/土),29(虎/土),23(猴/水),48(羊/火)
2024,2024313,7(鼠/土),11(猴/火),48(羊/火),41(虎/火),2(蛇/火),15(龙/水),46(鸡/木)
2024,2024314,17(虎/木),30(牛/水),40(兔/火),12(羊/金),41(虎/火),15(龙/水),18(牛/火)
2024,2024315,30(牛/水),4(兔/金),21(狗/土),18(牛/火),7(鼠/土),47(猴/木),35(猴/金)
2024,2024316,44(猪/水),3(龙/火),17(虎/木),12(羊/金),15(龙/水),10(鸡/火),5(虎/金)
2024,2024317,43(鼠/金),1(马/水),18(牛/火),19(鼠/火),20(猪/土),9(狗/木),13(马/金)
2024,2024318,39(龙/木),22(鸡/水),37(马/土),27(龙/金),45(狗/水),14(蛇/水),44(猪/水)
2024,2024319,16(兔/木),7(鼠/土),42(牛/金),33(狗/火),40(兔/火),6(牛/土),41(虎/火)
2024,2024320,40(兔/火),32(猪/火),10(鸡/火),28(兔/土),18(牛/火),49(马/火),12(羊/金)
2024,2024321,11(猴/火),49(马/火),22(鸡/水),24(羊/木),46(鸡/木),42(牛/金),36(羊/土)
2024,2024322,5(虎/金),34(鸡/金),12(羊/金),9(狗/木),33(狗/火),17(虎/木),27(龙/金)
2024,2024323,40(兔/火),19(鼠/火),37(马/土),41(虎/火),15(龙/水),30(牛/水),39(龙/木)
2024,2024324,24(羊/木),28(兔/土),26(蛇/金),2(蛇/火),37(马/土),32(猪/火),1(马/水)
2024,2024325,5(虎/金),3(龙/火),10(鸡/火),9(狗/木),32(猪/火),19(鼠/火),28(兔/土)
2024,2024326,47(猴/木),6(牛/土),39(龙/木),10(鸡/火),1(马/水),5(虎/金),19(鼠/火)
2024,2024327,11(猴/火),7(鼠/土),2(蛇/火),13(马/金),3(龙/火),15(龙/水),41(虎/火)
2024,2024328,48(羊/火),5(虎/金),44(猪/水),27(龙/金),40(兔/火),31(鼠/水),20(猪/土)
2024,2024329,2(蛇/火),16(兔/木),15(龙/水),1(马/水),13(马/金),17(虎/木),14(蛇/水)
2024,2024330,36(羊/土),31(鼠/水),42(牛/金),48(羊/火),41(虎/火),2(蛇/火),11(猴/火)
2024,2024331,4(兔/金),17(虎/木),3(龙/火),20(猪/土),5(虎/金),19(鼠/火),6(牛/土)
2024,2024332,5(虎/金),35(猴/金),44(猪/水),49(马/火),40(兔/火),11(猴/火),32(猪/火)
2024,2024333,37(马/土),49(马/火),5(虎/金),11(猴/火),19(鼠/火),6(牛/土),4(兔/金)
2024,2024334,10(鸡/火),2(蛇/火),39(龙/木),36(羊/土),47(猴/木),42(牛/金),46(鸡/木)
2024,2024335,5(虎/金),42(牛/金),49(马/火),10(鸡/火),40(兔/火),36(羊/土),34(鸡/金)
2024,2024336,32(猪/火),39(龙/木),33(狗/火),36(羊/土),40(兔/火),15(龙/水),5(虎/金)
2024,2024337,4(兔/金),32(猪/火),29(虎/土),45(狗/水),36(羊/土),23(猴/水),48(羊/火)
2024,2024338,15(龙/水),39(龙/木),49(马/火),45(狗/水),28(兔/土),22(鸡/水),40(兔/火)
2024,2024339,25(马/木),41(虎/火),40(兔/火),42(牛/金),29(虎/土),15(龙/水),38(蛇/木)
2024,2024340,8(猪/木),38(蛇/木),30(牛/水),45(狗/水),9(狗/木),42(牛/金),47(猴/木)
2024,2024341,9(狗/木),26(蛇/金),6(牛/土),19(鼠/火),46(鸡/木),43(鼠/金),18(牛/火)
2024,2024342,29(虎/土),33(狗/火),23(猴/水),16(兔/木),48(羊/火),35(猴/金),49(马/火)
2024,2024343,8(猪/木),47(猴/木),20(猪/土),27(龙/金),2(蛇/火),35(猴/金),45(狗/水)
2024,2024344,15(龙/水),25(马/木),11(猴/火),28(兔/土),42(牛/金),49(马/火),2(蛇/火)
2024,2024345,45(狗/水),48(羊/火),44(猪/水),38(蛇/木),34(鸡/金),30(牛/水),46(鸡/木)
2024,2024346,32(猪/火),35(猴/金),18(牛/火),7(鼠/土),30(牛/水),25(马/木),41(虎/火)
2024,2024347,37(马/土),16(兔/木),39(龙/木),33(狗/火),35(猴/金),2(蛇/火),28(兔/土)
2024,2024348,49(马/火),29(虎/土),21(狗/土),26(蛇/金),30(牛/水),11(猴/火),17(虎/木)
2024,2024349,35(猴/金),22(鸡/水),46(鸡/木),24(羊/木),41(虎/火),8(猪/木),1(马/水)
2024,2024350,8(猪/木),3(龙/火),18(牛/火),2(蛇/火),41(虎/火),10(鸡/火),4(兔/金)
2024,2024351,20(猪/土),1(马/水),2(蛇/火),5(虎/金),22(鸡/水),17(虎/木),27(龙/金)
2024,2024352,9(狗/木),13(马/金),20(猪/土),5(虎/金),40(兔/火),26(蛇/金),10(鸡/火)
2024,2024353,34(鸡/金),40(兔/火),3(龙/火),36(羊/土),21(狗/土),12(羊/金),47(猴/木)
2024,2024354,6(牛/土),22(鸡/水),44(猪/水),2(蛇/火),20(猪/土),36(羊/土),25(马/木)
2024,2024355,9(狗/木),16(兔/木),37(马/土),12(羊/金),14(蛇/水),47(猴/木),49(马/火)
2024,2024356,43(鼠/金),44(猪/水),23(猴/水),19(鼠/火),1(马/水),2(蛇/火),46(鸡/木)
2024,2024357,37(马/土),7(鼠/土),31(鼠/水),20(猪/土),16(兔/木),26(蛇/金),9(狗/木)
2024,2024358,16(兔/木),18(牛/火),19(鼠/火),22(鸡/水),3(龙/火),5(虎/金),21(狗/土)
2024,2024359,2(蛇/火),31(鼠/水),6(牛/土),34(鸡/金),40(兔/火),22(鸡/水),15(龙/水)
2024,2024360,35(猴/金),25(马/木),19(鼠/火),24(羊/木),36(羊/土),26(蛇/金),14(蛇/水)
2024,2024361,4(兔/金),22(鸡/水),15(龙/水),31(鼠/水),28(兔/土),46(鸡/木),20(猪/土)
2024,2024362,10(鸡/火),48(羊/火),43(鼠/金),5(虎/金),4(兔/金),34(鸡/金),2(蛇/火)
2024,2024363,36(羊/土),42(牛/金),32(猪/火),1(马/水),5(虎/金),16(兔/木),4(兔/金)
2024,2024364,47(猴/木),13(马/金),11(猴/火),40(兔/火),43(鼠/金),15(龙/水),1(马/水)
2024,2024365,5(虎/金),36(羊/土),6(牛/土),40(兔/火),17(虎/木),13(马/金),30(牛/水)
2024,2024366,17(虎/木),43(鼠/金),25(马/木),45(狗/水),21(狗/土),24(羊/木),6(牛/土)
2025,2025001,27(龙/金),8(猪/木),43(鼠/金),33(狗/火),42(牛/金),11(猴/火),29(虎/土)
2025,2025002,48(羊/火),7(鼠/土),4(兔/金),3(龙/火),15(龙/水),11(猴/火),22(鸡/水)
2025,2025003,30(牛/水),44(猪/水),7(鼠/土),15(龙/水),42(牛/金),17(虎/木),9(狗/木)
2025,2025004,22(鸡/水),19(鼠/火),7(鼠/土),35(猴/金),49(马/火),36(羊/土),45(狗/水)
2025,2025005,46(鸡/木),19(鼠/火),20(猪/土),36(羊/土),13(马/金),17(虎/木),43(鼠/金)
2025,2025006,35(猴/金),41(虎/火),15(龙/水),6(牛/土),46(鸡/木),21(狗/土),13(马/金)
2025,2025007,28(兔/土),40(兔/火),45(狗/水),34(鸡/金),44(猪/水),15(龙/水),41(虎/火)
2025,2025008,5(虎/金),39(龙/木),36(羊/土),19(鼠/火),29(虎/土),45(狗/水),21(狗/土)
2025,2025009,17(虎/木),18(牛/火),6(牛/土),49(马/火),7(鼠/土),22(鸡/水),28(兔/土)
2025,2025010,23(猴/水),38(蛇/木),24(羊/木),49(马/火),11(猴/火),30(牛/水),27(龙/金)
2025,2025011,32(猪/火),10(鸡/火),7(鼠/土),5(虎/金),48(羊/火),15(龙/水),11(猴/火)
2025,2025012,25(马/木),26(蛇/金),33(狗/火),20(猪/土),41(虎/火),45(狗/水),11(猴/火)
2025,2025013,9(狗/木),19(鼠/火),44(猪/水),27(龙/金),37(马/土),6(牛/土),1(马/水)
2025,2025014,38(蛇/木),13(马/金),12(羊/金),8(猪/木),43(鼠/金),31(鼠/水),26(蛇/金)
2025,2025015,10(鸡/火),8(猪/木),30(牛/水),20(猪/土),15(龙/水),33(狗/火),31(鼠/水)
2025,2025016,34(鸡/金),12(羊/金),48(羊/火),26(蛇/金),40(兔/火),38(蛇/木),6(牛/土)
2025,2025017,44(猪/水),18(牛/火),31(鼠/水),41(虎/火),33(狗/火),2(蛇/火),32(猪/火)
2025,2025018,40(兔/火),42(牛/金),43(鼠/金),31(鼠/水),25(马/木),15(龙/水),39(龙/木)
2025,2025019,42(牛/金),22(鸡/水),45(狗/水),19(鼠/火),7(鼠/土),25(马/木),46(鸡/木)
2025,2025020,9(狗/木),37(马/土),14(蛇/水),47(猴/木),11(猴/火),24(羊/木),12(羊/金)
2025,2025021,47(猴/木),45(狗/水),33(狗/火),7(鼠/土),24(羊/木),10(鸡/火),42(牛/金)
2025,2025022,39(龙/木),8(猪/木),20(猪/土),37(马/土),46(鸡/木),30(牛/水),18(牛/火)
2025,2025023,6(牛/土),29(虎/土),36(羊/土),38(蛇/木),18(牛/火),31(鼠/水),47(猴/木)
2025,2025024,10(鸡/火),45(狗/水),25(马/木),15(龙/水),23(猴/水),44(猪/水),28(兔/土)
2025,2025025,46(鸡/木),10(鸡/火),41(虎/火),6(牛/土),9(狗/木),14(蛇/水),37(马/土)
2025,2025026,44(猪/水),34(鸡/金),24(羊/木),13(马/金),37(马/土),42(牛/金),19(鼠/火)
2025,2025027,11(猴/火),16(兔/木),46(鸡/木),10(鸡/火),18(牛/火),49(马/火),45(狗/水)
2025,2025028,17(虎/木),47(猴/木),28(兔/土),39(龙/木),32(猪/火),49(马/火),3(龙/火)
2025,2025029,14(蛇/水),46(鸡/木),3(龙/火),35(猴/金),43(鼠/金),10(鸡/火),13(马/金)
2025,2025030,27(龙/金),39(龙/木),23(猴/水),45(狗/水),44(猪/水),46(鸡/木),25(马/木)
2025,2025031,30(牛/水),23(猴/水),8(猪/木),24(羊/木),33(狗/火),25(马/木),22(鸡/水)
2025,2025032,22(鸡/水),15(龙/水),13(马/金),2(蛇/火),17(虎/木),33(狗/火),39(龙/木)
2025,2025033,41(虎/火),22(鸡/水),19(鼠/火),40(兔/火),46(鸡/木),39(龙/木),48(羊/火)
2025,2025034,1(马/水),4(兔/金),21(狗/土),40(兔/火),16(兔/木),49(马/火),23(猴/水)
2025,2025035,27(龙/金),35(猴/金),32(猪/火),37(马/土),6(牛/土),18(牛/火),21(狗/土)
2025,2025036,38(蛇/木),7(鼠/土),19(鼠/火),47(猴/木),10(鸡/火),40(兔/火),29(虎/土)
2025,2025037,35(猴/金),32(猪/火),46(鸡/木),8(猪/木),37(马/土),16(兔/木),25(马/木)
2025,2025038,11(猴/火),1(马/水),47(猴/木),39(龙/木),12(羊/金),3(龙/火),20(猪/土)
2025,2025039,41(虎/火),48(羊/火),10(鸡/火),17(虎/木),34(鸡/金),43(鼠/金),40(兔/火)
2025,2025040,1(马/水),32(猪/火),35(猴/金),30(牛/水),8(猪/木),16(兔/木),20(猪/土)
2025,2025041,48(羊/火),35(猴/金),22(鸡/水),30(牛/水),26(蛇/金),4(兔/金),28(兔/土)
2025,2025042,44(猪/水),13(马/金),39(龙/木),22(鸡/水),46(鸡/木),47(猴/木),42(牛/金)
2025,2025043,4(兔/金),27(龙/金),38(蛇/木),40(兔/火),19(鼠/火),35(猴/金),37(马/土)
2025,2025044,24(羊/木),28(兔/土),46(鸡/木),34(鸡/金),14(蛇/水),43(鼠/金),7(鼠/土)
2025,2025045,40(兔/火),28(兔/土),3(龙/火),48(羊/火),31(鼠/水),8(猪/木),30(牛/水)
2025,2025046,41(虎/火),1(马/水),24(羊/木),34(鸡/金),33(狗/火),30(牛/水),12(羊/金)
2025,2025047,14(蛇/水),22(鸡/水),13(马/金),31(鼠/水),20(猪/土),16(兔/木),12(羊/金)
2025,2025048,7(鼠/土),35(猴/金),23(猴/水),33(狗/火),46(鸡/木),27(龙/金),18(牛/火)
2025,2025049,49(马/火),5(虎/金),1(马/水),17(虎/木),31(鼠/水),6(牛/土),43(鼠/金)
2025,2025050,29(虎/土),21(狗/土),46(鸡/木),48(羊/火),15(龙/水),45(狗/水),5(虎/金)
2025,2025051,27(龙/金),22(鸡/水),31(鼠/水),7(鼠/土),13(马/金),18(牛/火),49(马/火)
2025,2025052,7(鼠/土),6(牛/土),17(虎/木),13(马/金),34(鸡/金),31(鼠/水),10(鸡/火)
2025,2025053,33(狗/火),48(羊/火),5(虎/金),19(鼠/火),13(马/金),17(虎/木),11(猴/火)
2025,2025054,23(猴/水),28(兔/土),30(牛/水),35(猴/金),19(鼠/火),27(龙/金),25(马/木)
2025,2025055,47(猴/木),36(羊/土),40(兔/火),43(鼠/金),11(猴/火),37(马/土),44(猪/水)
2025,2025056,41(虎/火),8(猪/木),33(狗/火),30(牛/水),43(鼠/金),7(鼠/土),42(牛/金)
2025,2025057,10(鸡/火),11(猴/火),13(马/金),1(马/水),40(兔/火),22(鸡/水),20(猪/土)
2025,2025058,22(鸡/水),23(猴/水),33(狗/火),34(鸡/金),49(马/火),19(鼠/火),31(鼠/水)
2025,2025059,40(兔/火),16(兔/木),17(虎/木),26(蛇/金),36(羊/土),4(兔/金),24(羊/木)
2025,2025060,10(鸡/火),8(猪/木),17(虎/木),13(马/金),47(猴/木),44(猪/水),11(猴/火)
2025,2025061,42(牛/金),28(兔/土),39(龙/木),6(牛/土),23(猴/水),35(猴/金),10(鸡/火)
2025,2025062,27(龙/金),37(马/土),10(鸡/火),26(蛇/金),2(蛇/火),48(羊/火),35(猴/金)
2025,2025063,42(牛/金),5(虎/金),38(蛇/木),3(龙/火),49(马/火),21(狗/土),23(猴/水)
2025,2025064,48(羊/火),40(兔/火),3(龙/火),33(狗/火),47(猴/木),4(兔/金),31(鼠/水)
2025,2025065,30(牛/水),41(虎/火),38(蛇/木),25(马/木),35(猴/金),16(兔/木),48(羊/火)
2025,2025066,49(马/火),45(狗/水),27(龙/金),22(鸡/水),13(马/金),26(蛇/金),12(羊/金)
2025,2025067,15(龙/水),35(猴/金),39(龙/木),48(羊/火),45(狗/水),11(猴/火),44(猪/水)
2025,2025068,42(牛/金),33(狗/火),47(猴/木),40(兔/火),30(牛/水),2(蛇/火),44(猪/水)
2025,2025069,44(猪/水),30(牛/水),5(虎/金),40(兔/火),6(牛/土),15(龙/水),29(虎/土)
2025,2025070,16(兔/木),35(猴/金),46(鸡/木),25(马/木),19(鼠/火),18(牛/火),43(鼠/金)
2025,2025071,32(猪/火),9(狗/木),44(猪/水),36(羊/土),23(猴/水),40(兔/火),49(马/火)
2025,2025072,35(猴/金),37(马/土),48(羊/火),33(狗/火),14(蛇/水),22(鸡/水),40(兔/火)
2025,2025073,43(鼠/金),22(鸡/水),48(羊/火),23(猴/水),33(狗/火),10(鸡/火),3(龙/火)
2025,2025074,22(鸡/水),21(狗/土),1(马/水),47(猴/木),29(虎/土),11(猴/火),35(猴/金)
2025,2025075,30(牛/水),5(虎/金),10(鸡/火),37(马/土),32(猪/火),7(鼠/土),9(狗/木)
2025,2025076,28(兔/土),2(蛇/火),14(蛇/水),10(鸡/火),16(兔/木),23(猴/水),39(龙/木)
2025,2025077,5(虎/金),23(猴/水),27(龙/金),17(虎/木),11(猴/火),39(龙/木),22(鸡/水)
2025,2025078,15(龙/水),38(蛇/木),18(牛/火),3(龙/火),8(猪/木),11(猴/火),28(兔/土)
2025,2025079,4(兔/金),20(猪/土),9(狗/木),32(猪/火),29(虎/土),44(猪/水),10(鸡/火)
2025,2025080,27(龙/金),38(蛇/木),29(虎/土),2(蛇/火),44(猪/水),31(鼠/水),24(羊/木)
2025,2025081,48(羊/火),8(猪/木),40(兔/火),9(狗/木),18(牛/火),27(龙/金),38(蛇/木)
2025,2025082,10(鸡/火),35(猴/金),4(兔/金),45(狗/水),24(羊/木),9(狗/木),34(鸡/金)
2025,2025083,45(狗/水),4(兔/金),6(牛/土),47(猴/木),46(鸡/木),11(猴/火),28(兔/土)
2025,2025084,17(虎/木),45(狗/水),24(羊/木),23(猴/水),38(蛇/木),40(兔/火),20(猪/土)
2025,2025085,32(猪/火),31(鼠/水),18(牛/火),14(蛇/水),8(猪/木),19(鼠/火),35(猴/金)
2025,2025086,19(鼠/火),29(虎/土),31(鼠/水),2(蛇/火),42(牛/金),26(蛇/金),30(牛/水)
2025,2025087,30(牛/水),16(兔/木),14(蛇/水),28(兔/土),29(虎/土),3(龙/火),15(龙/水)
2025,2025088,14(蛇/水),11(猴/火),39(龙/木),10(鸡/火),45(狗/水),33(狗/火),15(龙/水)
2025,2025089,45(狗/水),19(鼠/火),13(马/金),25(马/木),15(龙/水),27(龙/金),14(蛇/水)
2025,2025090,17(虎/木),7(鼠/土),23(猴/水),38(蛇/木),12(羊/金),18(牛/火),35(猴/金)
2025,2025091,35(猴/金),23(猴/水),32(猪/火),31(鼠/水),8(猪/木),24(羊/木),40(兔/火)
2025,2025092,23(猴/水),24(羊/木),36(羊/土),3(龙/火),4(兔/金),32(猪/火),39(龙/木)
2025,2025093,16(兔/木),23(猴/水),28(兔/土),21(狗/土),27(龙/金),46(鸡/木),10(鸡/火)
2025,2025094,35(猴/金),43(鼠/金),31(鼠/水),37(马/土),15(龙/水),39(龙/木),33(狗/火)
2025,2025095,4(兔/金),43(鼠/金),37(马/土),40(兔/火),24(羊/木),16(兔/木),20(猪/土)
2025,2025096,42(牛/金),46(鸡/木),25(马/木),5(虎/金),40(兔/火),22(鸡/水),34(鸡/金)
2025,2025097,1(马/水),32(猪/火),24(羊/木),23(猴/水),4(兔/金),2(蛇/火),31(鼠/水)
2025,2025098,30(牛/水),39(龙/木),31(鼠/水),8(猪/木),21(狗/土),20(猪/土),3(龙/火)
2025,2025099,1(马/水),34(鸡/金),43(鼠/金),38(蛇/木),6(牛/土),22(鸡/水),20(猪/土)
2025,2025100,25(马/木),3(龙/火),34(鸡/金),8(猪/木),31(鼠/水),41(虎/火),42(牛/金)
2025,2025101,20(猪/土),49(马/火),36(羊/土),37(马/土),42(牛/金),30(牛/水),1(马/水)
2025,2025102,24(羊/木),40(兔/火),7(鼠/土),30(牛/水),47(猴/木),9(狗/木),38(蛇/木)
2025,2025103,16(兔/木),28(兔/土),3(龙/火),30(牛/水),42(牛/金),49(马/火),32(猪/火)
2025,2025104,9(狗/木),20(猪/土),33(狗/火),11(猴/火),32(猪/火),21(狗/土),6(牛/土)
2025,2025105,12(羊/金),28(兔/土),48(羊/火),37(马/土),18(牛/火),43(鼠/金),26(蛇/金)
2025,2025106,45(狗/水),20(猪/土),11(猴/火),23(猴/水),34(鸡/金),42(牛/金),18(牛/火)
2025,2025107,8(猪/木),9(狗/木),15(龙/水),24(羊/木),18(牛/火),42(牛/金),46(鸡/木)
2025,2025108,40(兔/火),20(猪/土),39(龙/木),49(马/火),8(猪/木),1(马/水),27(龙/金)
2025,2025109,47(猴/木),16(兔/木),8(猪/木),41(虎/火),6(牛/土),19(鼠/火),3(龙/火)
2025,2025110,15(龙/水),20(猪/土),14(蛇/水),46(鸡/木),31(鼠/水),30(牛/水),47(猴/木)
2025,2025111,2(蛇/火),17(虎/木),13(马/金),41(虎/火),28(兔/土),36(羊/土),45(狗/水)
2025,2025112,15(龙/水),43(鼠/金),38(蛇/木),24(羊/木),18(牛/火),4(兔/金),45(狗/水)
2025,2025113,2(蛇/火),26(蛇/金),43(鼠/金),38(蛇/木),3(龙/火),9(狗/木),46(鸡/木)
2025,2025114,6(牛/土),41(虎/火),5(虎/金),46(鸡/木),15(龙/水),9(狗/木),38(蛇/木)
2025,2025115,14(蛇/水),7(鼠/土),9(狗/木),22(鸡/水),10(鸡/火),4(兔/金),3(龙/火)
2025,2025116,19(鼠/火),43(鼠/金),35(猴/金),40(兔/火),10(鸡/火),48(羊/火),23(猴/水)
2025,2025117,33(狗/火),46(鸡/木),40(兔/火),6(牛/土),22(鸡/水),45(狗/水),47(猴/木)
2025,2025118,19(鼠/火),15(龙/水),6(牛/土),39(龙/木),46(鸡/木),35(猴/金),36(羊/土)
2025,2025119,21(狗/土),37(马/土),10(鸡/火),45(狗/水),19(鼠/火),30(牛/水),38(蛇/木)
2025,2025120,18(牛/火),25(马/木),5(虎/金),35(猴/金),31(鼠/水),43(鼠/金),28(兔/土)
2025,2025121,25(马/木),7(鼠/土),31(鼠/水),34(鸡/金),23(猴/水),39(龙/木),24(羊/木)
2025,2025122,7(鼠/土),46(鸡/木),3(龙/火),2(蛇/火),47(猴/木),22(鸡/水),33(狗/火)
2025,2025123,37(马/土),30(牛/水),49(马/火),16(兔/木),9(狗/木),12(羊/金),45(狗/水)
2025,2025124,18(牛/火),41(虎/火),9(狗/木),14(蛇/水),7(鼠/土),39(龙/木),10(鸡/火)
2025,2025125,18(牛/火),25(马/木),19(鼠/火),28(兔/土),1(马/水),8(猪/木),49(马/火)
2025,2025126,5(虎/金),13(马/金),10(鸡/火),28(兔/土),3(龙/火),31(鼠/水),2(蛇/火)
2025,2025127,45(狗/水),35(猴/金),8(猪/木),20(猪/土),4(兔/金),22(鸡/水),49(马/火)
2025,2025128,4(兔/金),43(鼠/金),18(牛/火),45(狗/水),38(蛇/木),26(蛇/金),13(马/金)
2025,2025129,34(鸡/金),45(狗/水),20(猪/土),42(牛/金),19(鼠/火),25(马/木),40(兔/火)
2025,2025130,20(猪/土),30(牛/水),10(鸡/火),33(狗/火),28(兔/土),8(猪/木),23(猴/水)
2025,2025131,13(马/金),44(猪/水),4(兔/金),20(猪/土),36(羊/土),30(牛/水),47(猴/木)
2025,2025132,24(羊/木),46(鸡/木),26(蛇/金),42(牛/金),15(龙/水),35(猴/金),2(蛇/火)
2025,2025133,45(狗/水),3(龙/火),16(兔/木),1(马/水),21(狗/土),38(蛇/木),10(鸡/火)
2025,2025134,38(蛇/木),27(龙/金),4(兔/金),23(猴/水),6(牛/土),34(鸡/金),14(蛇/水)
2025,2025135,32(猪/火),44(猪/水),25(马/木),3(龙/火),34(鸡/金),33(狗/火),37(马/土)
2025,2025136,31(鼠/水),23(猴/水),25(马/木),33(狗/火),2(蛇/火),21(狗/土),9(狗/木)
2025,2025137,39(龙/木),35(猴/金),46(鸡/木),25(马/木),48(羊/火),45(狗/水),36(羊/土)
2025,2025138,20(猪/土),27(龙/金),39(龙/木),47(猴/木),29(虎/土),3(龙/火),41(虎/火)
2025,2025139,38(蛇/木),27(龙/金),47(猴/木),30(牛/水),45(狗/水),9(狗/木),14(蛇/水)
2025,2025140,22(鸡/水),45(狗/水),2(蛇/火),41(虎/火),39(龙/木),31(鼠/水),11(猴/火)
2025,2025141,30(牛/水),22(鸡/水),31(鼠/水),34(鸡/金),39(龙/木),3(龙/火),13(马/金)
2025,2025142,17(虎/木),30(牛/水),8(猪/木),29(虎/土),23(猴/水),33(狗/火),44(猪/水)
2025,2025143,27(龙/金),19(鼠/火),17(虎/木),2(蛇/火),24(羊/木),15(龙/水),10(鸡/火)
2025,2025144,36(羊/土),31(鼠/水),19(鼠/火),1(马/水),34(鸡/金),29(虎/土),25(马/木)
2025,2025145,30(牛/水),25(马/木),29(虎/土),28(兔/土),10(鸡/火),49(马/火),17(虎/木)
2025,2025146,24(羊/木),41(虎/火),25(马/木),3(龙/火),11(猴/火),47(猴/木),14(蛇/水)
2025,2025147,47(猴/木),14(蛇/水),38(蛇/木),26(蛇/金),19(鼠/火),35(猴/金),32(猪/火)
2025,2025148,48(羊/火),26(蛇/金),5(虎/金),31(鼠/水),44(猪/水),9(狗/木),2(蛇/火)
2025,2025149,44(猪/水),43(鼠/金),25(马/木),3(龙/火),29(虎/土),19(鼠/火),41(虎/火)
2025,2025150,24(羊/木),43(鼠/金),18(牛/火),31(鼠/水),45(狗/水),12(羊/金),40(兔/火)
2025,2025151,29(虎/土),49(马/火),26(蛇/金),25(马/木),35(猴/金),39(龙/木),38(蛇/木)
2025,2025152,9(狗/木),34(鸡/金),17(虎/木),29(虎/土),35(猴/金),12(羊/金),10(鸡/火)
2025,2025153,42(牛/金),11(猴/火),25(马/木),8(猪/木),45(狗/水),9(狗/木),43(鼠/金)
2025,2025154,37(马/土),18(牛/火),45(狗/水),25(马/木),47(猴/木),42(牛/金),26(蛇/金)
2025,2025155,6(牛/土),34(鸡/金),33(狗/火),12(羊/金),37(马/土),20(猪/土),45(狗/水)
2025,2025156,15(龙/水),13(马/金),38(蛇/木),17(虎/木),28(兔/土),32(猪/火),18(牛/火)
2025,2025157,37(马/土),5(虎/金),16(兔/木),12(羊/金),17(虎/木),3(龙/火),23(猴/水)
2025,2025158,15(龙/水),48(羊/火),4(兔/金),17(虎/木),42(牛/金),21(狗/土),5(虎/金)
2025,2025159,45(狗/水),34(鸡/金),35(猴/金),22(鸡/水),24(羊/木),8(猪/木),31(鼠/水)
2025,2025160,23(猴/水),42(牛/金),32(猪/火),46(鸡/木),30(牛/水),40(兔/火),11(猴/火)
2025,2025161,49(马/火),41(虎/火),44(猪/水),29(虎/土),38(蛇/木),18(牛/火),16(兔/木)
2025,2025162,38(蛇/木),2(蛇/火),22(鸡/水),48(羊/火),15(龙/水),12(羊/金),1(马/水)
2025,2025163,38(蛇/木),18(牛/火),43(鼠/金),29(虎/土),10(鸡/火),32(猪/火),23(猴/水)
2025,2025164,46(鸡/木),38(蛇/木),14(蛇/水),39(龙/木),26(蛇/金),8(猪/木),13(马/金)
2025,2025165,23(猴/水),37(马/土),17(虎/木),8(猪/木),42(牛/金),49(马/火),47(猴/木)
2025,2025166,30(牛/水),38(蛇/木),18(牛/火),14(蛇/水),42(牛/金),16(兔/木),41(虎/火)
2025,2025167,11(猴/火),27(龙/金),30(牛/水),6(牛/土),36(羊/土),3(龙/火),9(狗/木)
2025,2025168,31(鼠/水),7(鼠/土),40(兔/火),15(龙/水),9(狗/木),25(马/木),16(兔/木)
2025,2025169,11(猴/火),2(蛇/火),32(猪/火),38(蛇/木),29(虎/土),31(鼠/水),7(鼠/土)
2025,2025170,22(鸡/水),20(猪/土),36(羊/土),44(猪/水),31(鼠/水),19(鼠/火),33(狗/火)
2025,2025171,15(龙/水),4(兔/金),23(猴/水),36(羊/土),27(龙/金),7(鼠/土),47(猴/木)
2025,2025172,3(龙/火),15(龙/水),4(兔/金),39(龙/木),2(蛇/火),28(兔/土),36(羊/土)
2025,2025173,46(鸡/木),32(猪/火),30(牛/水),5(虎/金),42(牛/金),4(兔/金),38(蛇/木)
2025,2025174,11(猴/火),36(羊/土),22(鸡/水),24(羊/木),20(猪/土),12(羊/金),39(龙/木)
2025,2025175,37(马/土),3(龙/火),32(猪/火),12(羊/金),8(猪/木),29(虎/土),30(牛/水)
2025,2025176,12(羊/金),5(虎/金),24(羊/木),28(兔/土),22(鸡/水),17(虎/木),36(羊/土)
2025,2025177,31(鼠/水),30(牛/水),11(猴/火),49(马/火),22(鸡/水),41(虎/火),4(兔/金)
2025,2025178,42(牛/金),30(牛/水),37(马/土),20(猪/土),6(牛/土),7(鼠/土),27(龙/金)
2025,2025179,42(牛/金),8(猪/木),5(虎/金),30(牛/水),29(虎/土),25(马/木),24(羊/木)
2025,2025180,14(蛇/水),37(马/土),28(兔/土),43(鼠/金),1(马/水),41(虎/火),29(虎/土)
2025,2025181,10(鸡/火),21(狗/土),40(兔/火),37(马/土),2(蛇/火),39(龙/木),23(猴/水)
2025,2025182,1(马/水),49(马/火),21(狗/土),39(龙/木),6(牛/土),34(鸡/金),42(牛/金)
2025,2025183,12(羊/金),39(龙/木),38(蛇/木),7(鼠/土),28(兔/土),45(狗/水),33(狗/火)
2025,2025184,8(猪/木),32(猪/火),20(猪/土),30(牛/水),18(牛/火),35(猴/金),28(兔/土)
2025,2025185,22(鸡/水),40(兔/火),29(虎/土),45(狗/水),11(猴/火),1(马/水),5(虎/金)
2025,2025186,13(马/金),40(兔/火),22(鸡/水),20(猪/土),17(虎/木),9(狗/木),8(猪/木)
2025,2025187,7(鼠/土),31(鼠/水),18(牛/火),14(蛇/水),26(蛇/金),4(兔/金),45(狗/水)
2025,2025188,3(龙/火),7(鼠/土),13(马/金),49(马/火),32(猪/火),35(猴/金),15(龙/水)
2025,2025189,11(猴/火),36(羊/土),3(龙/火),39(龙/木),48(羊/火),41(虎/火),17(虎/木)
2025,2025190,8(猪/木),24(羊/木),3(龙/火),36(羊/土),49(马/火),25(马/木),18(牛/火)
2025,2025191,33(狗/火),41(虎/火),40(兔/火),24(羊/木),37(马/土),18(牛/火),29(虎/土)
2025,2025192,19(鼠/火),31(鼠/水),10(鸡/火),46(鸡/木),20(猪/土),3(龙/火),45(狗/水)
2025,2025193,17(虎/木),16(兔/木),4(兔/金),14(蛇/水),6(牛/土),42(牛/金),24(羊/木)
2025,2025194,11(猴/火),30(牛/水),46(鸡/木),43(鼠/金),3(龙/火),7(鼠/土),29(虎/土)
2025,2025195,22(鸡/水),12(羊/金),42(牛/金),8(猪/木),6(牛/土),27(龙/金),25(马/木)
2025,2025196,31(鼠/水),33(狗/火),27(龙/金),21(狗/土),9(狗/木),12(羊/金),14(蛇/水)
2025,2025197,15(龙/水),25(马/木),10(鸡/火),43(鼠/金),12(羊/金),24(羊/木),34(鸡/金)
2025,2025198,33(狗/火),3(龙/火),7(鼠/土),45(狗/水),39(龙/木),15(龙/水),43(鼠/金)
2025,2025199,37(马/土),32(猪/火),5(虎/金),21(狗/土),13(马/金),11(猴/火),10(鸡/火)
2025,2025200,22(鸡/水),21(狗/土),42(牛/金),41(虎/火),11(猴/火),15(龙/水),47(猴/木)
2025,2025201,5(虎/金),30(牛/水),1(马/水),37(马/土),25(马/木),46(鸡/木),47(猴/木)
2025,2025202,17(虎/木),33(狗/火),9(狗/木),48(羊/火),44(猪/水),5(虎/金),20(猪/土)
2025,2025203,27(龙/金),23(猴/水),39(龙/木),10(鸡/火),12(羊/金),44(猪/水),18(牛/火)
2025,2025204,7(鼠/土),47(猴/木),15(龙/水),41(虎/火),18(牛/火),36(羊/土),30(牛/水)
2025,2025205,23(猴/水),4(兔/金),12(羊/金),6(牛/土),37(马/土),30(牛/水),1(马/水)
2025,2025206,35(猴/金),11(猴/火),27(龙/金),19(鼠/火),28(兔/土),20(猪/土),10(鸡/火)
2025,2025207,9(狗/木),27(龙/金),6(牛/土),1(马/水),49(马/火),45(狗/水),24(羊/木)
2025,2025208,31(鼠/水),17(虎/木),48(羊/火),24(羊/木),32(猪/火),29(虎/土),9(狗/木)
2025,2025209,31(鼠/水),8(猪/木),32(猪/火),26(蛇/金),48(羊/火),2(蛇/火),13(马/金)
2025,2025210,35(猴/金),40(兔/火),47(猴/木),11(猴/火),24(羊/木),14(蛇/水),15(龙/水)
2025,2025211,39(龙/木),1(马/水),14(蛇/水),27(龙/金),24(羊/木),12(羊/金),2(蛇/火)
2025,2025212,5(虎/金),12(羊/金),25(马/木),35(猴/金),36(羊/土),20(猪/土),18(牛/火)
2025,2025213,3(龙/火),31(鼠/水),34(鸡/金),38(蛇/木),47(猴/木),24(羊/木),11(猴/火)
2025,2025214,22(鸡/水),48(羊/火),38(蛇/木),28(兔/土),1(马/水),19(鼠/火),15(龙/水)
2025,2025215,33(狗/火),11(猴/火),19(鼠/火),15(龙/水),36(羊/土),13(马/金),21(狗/土)
2025,2025216,48(羊/火),7(鼠/土),20(猪/土),12(羊/金),17(虎/木),46(鸡/木),23(猴/水)
2025,2025217,18(牛/火),3(龙/火),39(龙/木),37(马/土),8(猪/木),11(猴/火),46(鸡/木)
2025,2025218,22(鸡/水),32(猪/火),36(羊/土),34(鸡/金),26(蛇/金),38(蛇/木),23(猴/水)
2025,2025219,4(兔/金),25(马/木),23(猴/水),46(鸡/木),16(兔/木),41(虎/火),9(狗/木)
2025,2025220,35(猴/金),28(兔/土),14(蛇/水),11(猴/火),10(鸡/火),43(鼠/金),8(猪/木)
2025,2025221,46(鸡/木),27(龙/金),15(龙/水),23(猴/水),25(马/木),12(羊/金),8(猪/木)
2025,2025222,46(鸡/木),40(兔/火),21(狗/土),13(马/金),1(马/水),5(虎/金),43(鼠/金)
2025,2025223,46(鸡/木),41(虎/火),44(猪/水),7(鼠/土),34(鸡/金),24(羊/木),25(马/木)
2025,2025224,19(鼠/火),9(狗/木),37(马/土),7(鼠/土),49(马/火),13(马/金),16(兔/木)
2025,2025225,45(狗/水),24(羊/木),13(马/金),44(猪/水),9(狗/木),47(猴/木),32(猪/火)
2025,2025226,13(马/金),27(龙/金),26(蛇/金),2(蛇/火),6(牛/土),43(鼠/金),31(鼠/水)
2025,2025227,7(鼠/土),11(猴/火),27(龙/金),19(鼠/火),28(兔/土),43(鼠/金),40(兔/火)
2025,2025228,45(狗/水),20(猪/土),40(兔/火),46(鸡/木),26(蛇/金),16(兔/木),15(龙/水)
2025,2025229,41(虎/火),36(羊/土),48(羊/火),42(牛/金),28(兔/土),6(牛/土),2(蛇/火)
2025,2025230,15(龙/水),10(鸡/火),1(马/水),46(鸡/木),48(羊/火),8(猪/木),39(龙/木)
2025,2025231,16(兔/木),23(猴/水),5(虎/金),8(猪/木),35(猴/金),31(鼠/水),38(蛇/木)
2025,2025232,49(马/火),40(兔/火),19(鼠/火),44(猪/水),18(牛/火),23(猴/水),42(牛/金)
2025,2025233,43(鼠/金),29(虎/土),27(龙/金),18(牛/火),45(狗/水),6(牛/土),37(马/土)
2025,2025234,14(蛇/水),18(牛/火),43(鼠/金),23(猴/水),11(猴/火),16(兔/木),13(马/金)
2025,2025235,45(狗/水),43(鼠/金),12(羊/金),36(羊/土),49(马/火),2(蛇/火),42(牛/金)
2025,2025236,46(鸡/木),18(牛/火),45(狗/水),42(牛/金),49(马/火),9(狗/木),39(龙/木)
2025,2025237,49(马/火),25(马/木),10(鸡/火),3(龙/火),37(马/土),17(虎/木),2(蛇/火)
2025,2025238,10(鸡/火),43(鼠/金),34(鸡/金),15(龙/水),9(狗/木),48(羊/火),46(鸡/木)
2025,2025239,12(羊/金),13(马/金),1(马/水),5(虎/金),29(虎/土),48(羊/火),4(兔/金)
2025,2025240,4(兔/金),42(牛/金),25(马/木),24(羊/木),22(鸡/水),9(狗/木),28(兔/土)
2025,2025241,22(鸡/水),38(蛇/木),11(猴/火),29(虎/土),43(鼠/金),9(狗/木),1(马/水)
2025,2025242,46(鸡/木),33(狗/火),26(蛇/金),9(狗/木),5(虎/金),7(鼠/土),34(鸡/金)
2025,2025243,15(龙/水),47(猴/木),23(猴/水),16(兔/木),27(龙/金),42(牛/金),8(猪/木)
2025,2025244,4(兔/金),16(兔/木),25(马/木),7(鼠/土),22(鸡/水),12(羊/金),24(羊/木)
2025,2025245,34(鸡/金),37(马/土),19(鼠/火),29(虎/土),14(蛇/水),38(蛇/木),44(猪/水)
2025,2025246,14(蛇/水),18(牛/火),16(兔/木),26(蛇/金),1(马/水),23(猴/水),6(牛/土)
2025,2025247,38(蛇/木),10(鸡/火),1(马/水),44(猪/水),15(龙/水),3(龙/火),25(马/木)
2025,2025248,27(龙/金),42(牛/金),24(羊/木),34(鸡/金),20(猪/土),39(龙/木),12(羊/金)
2025,2025249,37(马/土),19(鼠/火),48(羊/火),9(狗/木),4(兔/金),1(马/水),2(蛇/火)
2025,2025250,47(猴/木),3(龙/火),34(鸡/金),11(猴/火),33(狗/火),35(猴/金),12(羊/金)
2025,2025251,6(牛/土),18(牛/火),12(羊/金),36(羊/土),5(虎/金),15(龙/水),35(猴/金)
2025,2025252,1(马/水),43(鼠/金),49(马/火),10(鸡/火),35(猴/金),40(兔/火),23(猴/水)
2025,2025253,6(牛/土),39(龙/木),19(鼠/火),8(猪/木),30(牛/水),37(马/土),33(狗/火)
2025,2025254,27(龙/金),12(羊/金),29(虎/土),32(猪/火),44(猪/水),19(鼠/火),17(虎/木)
2025,2025255,15(龙/水),21(狗/土),20(猪/土),25(马/木),24(羊/木),39(龙/木),42(牛/金)
2025,2025256,42(牛/金),36(羊/土),11(猴/火),9(狗/木),45(狗/水),5(虎/金),48(羊/火)
2025,2025257,23(猴/水),21(狗/土),4(兔/金),1(马/水),30(牛/水),11(猴/火),28(兔/土)
2025,2025258,1(马/水),26(蛇/金),35(猴/金),25(马/木),47(猴/木),17(虎/木),38(蛇/木)
2025,2025259,8(猪/木),38(蛇/木),30(牛/水),45(狗/水),9(狗/木),42(牛/金),47(猴/木)
2025,2025260,44(猪/水),11(猴/火),40(兔/火),24(羊/木),12(羊/金),28(兔/土),3(龙/火)
2025,2025261,37(马/土),34(鸡/金),9(狗/木),46(鸡/木),16(兔/木),30(牛/水),33(狗/火)
2025,2025262,16(兔/木),27(龙/金),28(兔/土),33(狗/火),12(羊/金),38(蛇/木),44(猪/水)
2025,2025263,39(龙/木),48(羊/火),3(龙/火),20(猪/土),25(马/木),43(鼠/金),38(蛇/木)
2025,2025264,23(猴/水),33(狗/火),6(牛/土),32(猪/火),19(鼠/火),47(猴/木),43(鼠/金)
2025,2025265,44(猪/水),34(鸡/金),48(羊/火),6(牛/土),23(猴/水),1(马/水),10(鸡/火)
2025,2025266,1(马/水),18(牛/火),13(马/金),43(鼠/金),26(蛇/金),40(兔/火),41(虎/火)
2025,2025267,7(鼠/土),9(狗/木),5(虎/金),25(马/木),48(羊/火),40(兔/火),29(虎/土)
2025,2025268,39(龙/木),27(龙/金),1(马/水),45(狗/水),5(虎/金),31(鼠/水),10(鸡/火)
2025,2025269,17(虎/木),2(蛇/火),33(狗/火),38(蛇/木),46(鸡/木),21(狗/土),31(鼠/水)
2025,2025270,5(虎/金),11(猴/火),31(鼠/水),46(鸡/木),3(龙/火),10(鸡/火),35(猴/金)
2025,2025271,48(羊/火),3(龙/火),44(猪/水),27(龙/金),8(猪/木),9(狗/木),6(牛/土)
2025,2025272,1(马/水),4(兔/金),29(虎/土),41(虎/火),10(鸡/火),21(狗/土),36(羊/土)
2025,2025273,2(蛇/火),43(鼠/金),19(鼠/火),34(鸡/金),22(鸡/水),49(马/火),4(兔/金)
2025,2025274,41(虎/火),20(猪/土),19(鼠/火),22(鸡/水),39(龙/木),40(兔/火),44(猪/水)
2025,2025275,34(鸡/金),47(猴/木),25(马/木),21(狗/土),28(兔/土),5(虎/金),45(狗/水)
2025,2025276,16(兔/木),22(鸡/水),34(鸡/金),13(马/金),21(狗/土),25(马/木),9(狗/木)
2025,2025277,46(鸡/木),11(猴/火),41(虎/火),33(狗/火),48(羊/火),37(马/土),16(兔/木)
2025,2025278,4(兔/金),18(牛/火),33(狗/火),34(鸡/金),45(狗/水),39(龙/木),28(兔/土)
2025,2025279,37(马/土),1(马/水),26(蛇/金),42(牛/金),39(龙/木),30(牛/水),27(龙/金)
2025,2025280,36(羊/土),49(马/火),44(猪/水),32(猪/火),35(猴/金),28(兔/土),42(牛/金)
2025,2025281,37(马/土),7(鼠/土),10(鸡/火),13(马/金),23(猴/水),36(羊/土),47(猴/木)
2025,2025282,4(兔/金),33(狗/火),25(马/木),30(牛/水),38(蛇/木),12(羊/金),41(虎/火)
2025,2025283,21(狗/土),24(羊/木),35(猴/金),8(猪/木),29(虎/土),18(牛/火),45(狗/水)
2025,2025284,21(狗/土),6(牛/土),12(羊/金),13(马/金),49(马/火),38(蛇/木),41(虎/火)
2025,2025285,46(鸡/木),25(马/木),37(马/土),15(龙/水),41(虎/火),28(兔/土),24(羊/木)
2025,2025286,25(马/木),27(龙/金),24(羊/木),16(兔/木),15(龙/水),42(牛/金),3(龙/火)
2025,2025287,5(虎/金),42(牛/金),49(马/火),10(鸡/火),40(兔/火),36(羊/土),34(鸡/金)
2025,2025288,44(猪/水),8(猪/木),17(虎/木),1(马/水),2(蛇/火),47(猴/木),14(蛇/水)
2025,2025289,35(猴/金),4(兔/金),23(猴/水),10(鸡/火),44(猪/水),24(羊/木),42(牛/金)
2025,2025290,40(兔/火),18(牛/火),25(马/木),5(虎/金),2(蛇/火),17(虎/木),19(鼠/火)
2025,2025291,43(鼠/金),24(羊/木),6(牛/土),10(鸡/火),30(牛/水),25(马/木),44(猪/水)
2025,2025292,31(鼠/水),4(兔/金),28(兔/土),40(兔/火),37(马/土),10(鸡/火),2(蛇/火)
2025,2025293,18(牛/火),11(猴/火),20(猪/土),46(鸡/木),1(马/水),14(蛇/水),47(猴/木)
2025,2025294,11(猴/火),8(猪/木),35(猴/金),14(蛇/水),10(鸡/火),38(蛇/木),18(牛/火)
2025,2025295,18(牛/火),4(兔/金),45(狗/水),33(狗/火),42(牛/金),38(蛇/木),5(虎/金)
2025,2025296,31(鼠/水),29(虎/土),23(猴/水),5(虎/金),49(马/火),17(虎/木),22(鸡/水)
2025,2025297,43(鼠/金),24(羊/木),11(猴/火),41(虎/火),1(马/水),19(鼠/火),44(猪/水)
2025,2025298,22(鸡/水),20(猪/土),49(马/火),37(马/土),39(龙/木),35(猴/金),23(猴/水)
2025,2025299,33(狗/火),39(龙/木),35(猴/金),13(马/金),31(鼠/水),19(鼠/火),49(马/火)
2025,2025300,17(虎/木),32(猪/火),39(龙/木),26(蛇/金),29(虎/土),24(羊/木),40(兔/火)
2025,2025301,47(猴/木),10(鸡/火),9(狗/木),38(蛇/木),41(虎/火),45(狗/水),5(虎/金)
2025,2025302,7(鼠/土),27(龙/金),6(牛/土),45(狗/水),29(虎/土),42(牛/金),22(鸡/水)
2025,2025303,2(蛇/火),18(牛/火),31(鼠/水),27(龙/金),47(猴/木),36(羊/土),15(龙/水)
2025,2025304,12(羊/金),47(猴/木),43(鼠/金),34(鸡/金),39(龙/木),19(鼠/火),48(羊/火)
2025,2025305,33(狗/火),24(羊/木),29(虎/土),45(狗/水),11(猴/火),27(龙/金),42(牛/金)
2025,2025306,10(鸡/火),22(鸡/水),7(鼠/土),9(狗/木),38(蛇/木),4(兔/金),17(虎/木)
2025,2025307,21(狗/土),44(猪/水),4(兔/金),24(羊/木),29(虎/土),1(马/水),20(猪/土)
2025,2025308,45(狗/水),48(羊/火),46(鸡/木),14(蛇/水),40(兔/火),1(马/水),39(龙/木)
2025,2025309,49(马/火),7(鼠/土),16(兔/木),13(马/金),32(猪/火),4(兔/金),6(牛/土)
2025,2025310,49(马/火),4(兔/金),9(狗/木),17(虎/木),10(鸡/火),43(鼠/金),16(兔/木)
2025,2025311,6(牛/土),39(龙/木),32(猪/火),4(兔/金),7(鼠/土),2(蛇/火),37(马/土)
2025,2025312,46(鸡/木),18(牛/火),47(猴/木),35(猴/金),3(龙/火),1(马/水),14(蛇/水)
2025,2025313,3(龙/火),29(虎/土),10(鸡/火),39(龙/木),49(马/火),22(鸡/水),38(蛇/木)
2025,2025314,29(虎/土),44(猪/水),37(马/土),19(鼠/火),26(蛇/金),38(蛇/木),23(猴/水)
2025,2025315,19(鼠/火),43(鼠/金),20(猪/土),15(龙/水),8(猪/木),37(马/土),4(兔/金)
2025,2025316,20(猪/土),29(虎/土),40(兔/火),42(牛/金),17(虎/木),25(马/木),24(羊/木)
2025,2025317,5(虎/金),10(鸡/火),3(龙/火),6(牛/土),1(马/水),32(猪/火),18(牛/火)
2025,2025318,26(蛇/金),22(鸡/水),20(猪/土),30(牛/水),46(鸡/木),7(鼠/土),6(牛/土)
2025,2025319,29(虎/土),22(鸡/水),16(兔/木),31(鼠/水),21(狗/土),17(虎/木),45(狗/水)
2025,2025320,33(狗/火),40(兔/火),20(猪/土),48(羊/火),34(鸡/金),7(鼠/土),28(兔/土)
2025,2025321,28(兔/土),8(猪/木),34(鸡/金),25(马/木),24(羊/木),10(鸡/火),23(猴/水)
2025,2025322,46(鸡/木),6(牛/土),34(鸡/金),17(虎/木),33(狗/火),29(虎/土),47(猴/木)
2025,2025323,48(羊/火),28(兔/土),29(虎/土),36(羊/土),46(鸡/木),19(鼠/火),9(狗/木)
2025,2025324,49(马/火),30(牛/水),31(鼠/水),38(蛇/木),10(鸡/火),28(兔/土),15(龙/水)
2025,2025325,12(羊/金),2(蛇/火),33(狗/火),5(虎/金),17(虎/木),49(马/火),4(兔/金)
2025,2025326,23(猴/水),4(兔/金),46(鸡/木),11(猴/火),33(狗/火),31(鼠/水),19(鼠/火)
2025,2025327,13(马/金),44(猪/水),9(狗/木),21(狗/土),31(鼠/水),22(鸡/水),37(马/土)
2025,2025328,28(兔/土),34(鸡/金),13(马/金),8(猪/木),22(鸡/水),15(龙/水),3(龙/火)
2025,2025329,46(鸡/木),13(马/金),44(猪/水),37(马/土),45(狗/水),19(鼠/火),17(虎/木)
2025,2025330,20(猪/土),37(马/土),32(猪/火),1(马/水),11(猴/火),6(牛/土),36(羊/土)
2025,2025331,42(牛/金),24(羊/木),2(蛇/火),22(鸡/水),47(猴/木),21(狗/土),26(蛇/金)
2025,2025332,44(猪/水),23(猴/水),45(狗/水),30(牛/水),19(鼠/火),8(猪/木),26(蛇/金)
2025,2025333,43(鼠/金),31(鼠/水),36(羊/土),11(猴/火),37(马/土),27(龙/金),6(牛/土)
2025,2025334,35(猴/金),29(虎/土),41(虎/火),33(狗/火),1(马/水),49(马/火),46(鸡/木)
2025,2025335,34(鸡/金),35(猴/金),46(鸡/木),31(鼠/水),13(马/金),3(龙/火),44(猪/水)
2025,2025336,20(猪/土),6(牛/土),15(龙/水),10(鸡/火),13(马/金),42(牛/金),17(虎/木)
2025,2025337,13(马/金),44(猪/水),42(牛/金),24(羊/木),32(猪/火),14(蛇/水),9(狗/木)
2025,2025338,41(虎/火),48(羊/火),34(鸡/金),15(龙/水),25(马/木),10(鸡/火),8(猪/木)
2025,2025339,24(羊/木),22(鸡/水),40(兔/火),36(羊/土),39(龙/木),31(鼠/水),48(羊/火)
2025,2025340,45(狗/水),17(虎/木),15(龙/水),28(兔/土),22(鸡/水),10(鸡/火),16(兔/木)
2025,2025341,5(虎/金),34(鸡/金),42(牛/金),7(鼠/土),35(猴/金),12(羊/金),6(牛/土)
2025,2025342,41(虎/火),19(鼠/火),17(虎/木),15(龙/水),24(羊/木),8(猪/木),4(兔/金)
2025,2025343,11(猴/火),45(狗/水),41(虎/火),28(兔/土),46(鸡/木),35(猴/金),38(蛇/木)
2025,2025344,11(猴/火),21(狗/土),42(牛/金),10(鸡/火),47(猴/木),40(兔/火),27(龙/金)
2025,2025345,41(虎/火),23(猴/水),9(狗/木),11(猴/火),32(猪/火),3(龙/火),24(羊/木)
2025,2025346,11(猴/火),26(蛇/金),40(兔/火),46(鸡/木),34(鸡/金),20(猪/土),3(龙/火)
2025,2025347,30(牛/水),8(猪/木),26(蛇/金),37(马/土),28(兔/土),24(羊/木),13(马/金)
2025,2025348,31(鼠/水),26(蛇/金),44(猪/水),21(狗/土),22(鸡/水),34(鸡/金),16(兔/木)
2025,2025349,33(狗/火),11(猴/火),39(龙/木),4(兔/金),40(兔/火),46(鸡/木),22(鸡/水)
2025,2025350,7(鼠/土),22(鸡/水),42(牛/金),35(猴/金),16(兔/木),47(猴/木),49(马/火)
2025,2025351,16(兔/木),15(龙/水),3(龙/火),12(羊/金),10(鸡/火),11(猴/火),4(兔/金)
2025,2025352,25(马/木),9(狗/木),29(虎/土),26(蛇/金),10(鸡/火),2(蛇/火),44(猪/水)
2025,2025353,38(蛇/木),6(牛/土),16(兔/木),46(鸡/木),26(蛇/金),48(羊/火),1(马/水)
2025,2025354,21(狗/土),15(龙/水),4(兔/金),5(虎/金),28(兔/土),48(羊/火),30(牛/水)
2025,2025355,43(鼠/金),9(狗/木),6(牛/土),28(兔/土),15(龙/水),30(牛/水),8(猪/木)
2025,2025356,40(兔/火),11(猴/火),8(猪/木),36(羊/土),13(马/金),3(龙/火),24(羊/木)
2025,2025357,41(虎/火),35(猴/金),2(蛇/火),13(马/金),43(鼠/金),24(羊/木),49(马/火)
2025,2025358,26(蛇/金),22(鸡/水),43(鼠/金),42(牛/金),18(牛/火),35(猴/金),7(鼠/土)
2025,2025359,37(马/土),38(蛇/木),6(牛/土),23(猴/水),45(狗/水),42(牛/金),11(猴/火)
2025,2025360,27(龙/金),6(牛/土),44(猪/水),15(龙/水),39(龙/木),12(羊/金),41(虎/火)
2025,2025361,30(牛/水),11(猴/火),2(蛇/火),38(蛇/木),33(狗/火),20(猪/土),24(羊/木)
2025,2025362,45(狗/水),11(猴/火),37(马/土),6(牛/土),30(牛/水),8(猪/木),23(猴/水)
2025,2025363,23(猴/水),21(狗/土),13(马/金),4(兔/金),9(狗/木),15(龙/水),26(蛇/金)
2025,2025364,31(鼠/水),22(鸡/水),2(蛇/火),11(猴/火),43(鼠/金),28(兔/土),12(羊/金)
2025,2025365,49(马/火),20(猪/土),29(虎/土),33(狗/火),10(鸡/火),16(兔/木),26(蛇/金)
2026,2026048,8(猪/木),38(蛇/木),29(虎/土),32(猪/火),46(鸡/木),16(兔/木),24(羊/木)
2026,2026049,28(兔/土),42(牛/金),22(鸡/水),49(马/火),12(羊/金),31(鼠/水),13(马/金)
2026,2026050,10(鸡/火),13(马/金),30(牛/水),37(马/土),33(狗/火),44(猪/水),23(猴/水)
2026,2026051,40(兔/火),42(牛/金),44(猪/水),6(牛/土),14(蛇/水),38(蛇/木),1(马/水)
2026,2026052,15(龙/水),46(鸡/木),14(蛇/水),13(马/金),40(兔/火),35(猴/金),38(蛇/木)
2026,2026053,16(兔/木),12(羊/金),33(狗/火),17(虎/木),41(虎/火),18(牛/火),15(龙/水)
2026,2026054,37(马/土),30(牛/水),11(猴/火),19(鼠/火),49(马/火),32(猪/火),48(羊/火)
2026,2026055,31(鼠/水),28(兔/土),20(猪/土),21(狗/土),39(龙/木),9(狗/木),14(蛇/水)
2026,2026056,45(狗/水),9(狗/木),6(牛/土),7(鼠/土),10(鸡/火),26(蛇/金),48(羊/火)
2026,2026057,21(狗/土),29(虎/土),40(兔/火),30(牛/水),26(蛇/金),34(鸡/金),23(猴/水)
2026,2026058,20(猪/土),38(蛇/木),13(马/金),21(狗/土),33(狗/火),40(兔/火),31(鼠/水)
2026,2026059,29(虎/土),19(鼠/火),24(羊/木),43(鼠/金),28(兔/土),12(羊/金),10(鸡/火)
2026,2026060,5(虎/金),27(龙/金),40(兔/火),34(鸡/金),39(龙/木),1(马/水),9(狗/木)
2026,2026061,46(鸡/木),17(虎/木),8(猪/木),25(马/木),2(蛇/火),37(马/土),29(虎/土)
2026,2026062,46(鸡/木),29(虎/土),6(牛/土),49(马/火),35(猴/金),42(牛/金),24(羊/木)
2026,2026063,36(羊/土),26(蛇/金),37(马/土),2(蛇/火),44(猪/水),31(鼠/水),28(兔/土)
2026,2026064,8(猪/木),23(猴/水),40(兔/火),44(猪/水),34(鸡/金),2(蛇/火),18(牛/火)
2026,2026065,2(蛇/火),45(狗/水),17(虎/木),38(蛇/木),33(狗/火),24(羊/木),5(虎/金)
2026,2026066,24(羊/木),20(猪/土),36(羊/土),44(猪/水),2(蛇/火),28(兔/土),37(马/土)
2026,2026067,15(龙/水),30(牛/水),6(牛/土),1(马/水),26(蛇/金),9(狗/木),5(虎/金)
2026,2026068,49(马/火),2(蛇/火),1(马/水),26(蛇/金),38(蛇/木),21(狗/土),23(猴/水)
2026,2026069,23(猴/水),16(兔/木),10(鸡/火),34(鸡/金),8(猪/木),36(羊/土),24(羊/木)
2026,2026070,47(猴/木),17(虎/木),23(猴/水),10(鸡/火),41(虎/火),7(鼠/土),25(马/木)
2026,2026071,44(猪/水),30(牛/水),25(马/木),5(虎/金),41(虎/火),8(猪/木),48(羊/火)
2026,2026072,12(羊/金),28(兔/土),1(马/水),42(牛/金),25(马/木),44(猪/水),46(鸡/木)
2026,2026073,7(鼠/土),29(虎/土),1(马/水),33(狗/火),36(羊/土),14(蛇/水),34(鸡/金)
2026,2026074,12(羊/金),31(鼠/水),49(马/火),25(马/木),24(羊/木),32(猪/火),10(鸡/火)
2026,2026075,19(鼠/火),22(鸡/水),26(蛇/金),20(猪/土),41(虎/火),27(龙/金),33(狗/火)
2026,2026076,12(羊/金),7(鼠/土),24(羊/木),22(鸡/水),3(龙/火),41(虎/火),2(蛇/火)
2026,2026077,37(马/土),32(猪/火),46(鸡/木),25(马/木),39(龙/木),30(牛/水),29(虎/土)
2026,2026078,18(牛/火),17(虎/木),10(鸡/火),33(狗/火),2(蛇/火),8(猪/木),46(鸡/木)
2026,2026079,49(马/火),34(鸡/金),6(牛/土),20(猪/土),4(兔/金),43(鼠/金),35(猴/金)
2026,2026080,21(狗/土),18(牛/火),17(虎/木),48(羊/火),9(狗/木),42(牛/金),3(龙/火)
2026,2026081,4(兔/金),36(羊/土),14(蛇/水),15(龙/水),35(猴/金),41(虎/火),17(虎/木)
2026,2026082,3(龙/火),21(狗/土),33(狗/火),37(马/土),41(虎/火),25(马/木),27(龙/金)
2026,2026083,46(鸡/木),8(猪/木),23(猴/水),36(羊/土),30(牛/水),1(马/水),5(虎/金)
2026,2026084,7(鼠/土),24(羊/木),2(蛇/火),5(虎/金),20(猪/土),31(鼠/水),16(兔/木)
2026,2026085,14(蛇/水),13(马/金),27(龙/金),33(狗/火),6(牛/土),20(猪/土),19(鼠/火)
2026,2026086,15(龙/水),36(羊/土),14(蛇/水),24(羊/木),26(蛇/金),34(鸡/金),12(羊/金)
2026,2026087,17(虎/木),1(马/水),21(狗/土),29(虎/土),47(猴/木),2(蛇/火),26(蛇/金)
2026,2026088,16(兔/木),46(鸡/木),18(牛/火),10(鸡/火),12(羊/金),42(牛/金),27(龙/金)
2026,2026089,26(蛇/金),44(猪/水),34(鸡/金),5(虎/金),21(狗/土),22(鸡/水),49(马/火)
2026,2026090,48(羊/火),29(虎/土),20(猪/土),17(虎/木),37(马/土),8(猪/木),36(羊/土)
2026,2026091,8(猪/木),17(虎/木),32(猪/火),5(虎/金),42(牛/金),24(羊/木),37(马/土)
2026,2026092,46(鸡/木),42(牛/金),25(马/木),47(猴/木),38(蛇/木),19(鼠/火),6(牛/土)
2026,2026093,13(马/金),18(牛/火),26(蛇/金),47(猴/木),48(羊/火),4(兔/金),40(兔/火)
2026,2026094,16(兔/木),25(马/木),4(兔/金),28(兔/土),43(鼠/金),38(蛇/木),17(虎/木)
2026,2026095,15(龙/水),39(龙/木),1(马/水),38(蛇/木),21(狗/土),48(羊/火),35(猴/金)
2026,2026096,35(猴/金),37(马/土),26(蛇/金),5(虎/金),25(马/木),15(龙/水),43(鼠/金)
2026,2026097,28(兔/土),8(猪/木),44(猪/水),26(蛇/金),29(虎/土),46(鸡/木),11(猴/火)
2026,2026098,24(羊/木),8(猪/木),3(龙/火),14(蛇/水),32(猪/火),49(马/火),17(虎/木)
2026,2026099,10(鸡/火),32(猪/火),22(鸡/水),18(牛/火),28(兔/土),17(虎/木),12(羊/金)
2026,2026100,24(羊/木),45(狗/水),4(兔/金),32(猪/火),3(龙/火),48(羊/火),33(狗/火)
2026,2026101,22(鸡/水),8(猪/木),2(蛇/火),34(鸡/金),20(猪/土),12(羊/金),39(龙/木)
2026,2026102,47(猴/木),3(龙/火),32(猪/火),46(鸡/木),39(龙/木),36(羊/土),20(猪/土)
2026,2026103,34(鸡/金),3(龙/火),1(马/水),30(牛/水),39(龙/木),4(兔/金),6(牛/土)
2026,2026104,20(猪/土),45(狗/水),39(龙/木),49(马/火),3(龙/火),48(羊/火),1(马/水)
2026,2026105,32(猪/火),44(猪/水),17(虎/木),19(鼠/火),11(猴/火),36(羊/土),28(兔/土)
2026,2026106,31(鼠/水),48(羊/火),5(虎/金),11(猴/火),46(鸡/木),40(兔/火),22(鸡/水)
2026,2026107,35(猴/金),10(鸡/火),41(虎/火),43(鼠/金),34(鸡/金),6(牛/土),49(马/火)
2026,2026108,6(牛/土),30(牛/水),26(蛇/金),14(蛇/水),48(羊/火),40(兔/火),45(狗/水)
2026,2026109,38(蛇/木),7(鼠/土),19(鼠/火),24(羊/木),43(鼠/金),8(猪/木),16(兔/木)
2026,2026110,40(兔/火),3(龙/火),43(鼠/金),29(虎/土),45(狗/水),19(鼠/火),30(牛/水)
2026,2026111,24(羊/木),23(猴/水),21(狗/土),41(虎/火),38(蛇/木),33(狗/火),1(马/水)
2026,2026112,15(龙/水),19(鼠/火),30(牛/水),7(鼠/土),44(猪/水),10(鸡/火),9(狗/木)
2026,2026113,42(牛/金),22(鸡/水),15(龙/水),17(虎/木),32(猪/火),49(马/火),2(蛇/火)
2026,2026114,45(狗/水),41(虎/火),10(鸡/火),1(马/水),36(羊/土),25(马/木),30(牛/水)
2026,2026115,21(狗/土),16(兔/木),25(马/木),29(虎/土),8(猪/木),7(鼠/土),4(兔/金)
2026,2026116,15(龙/水),46(鸡/木),16(兔/木),10(鸡/火),48(羊/火),33(狗/火),22(鸡/水)
2026,2026117,45(狗/水),2(蛇/火),46(鸡/木),33(狗/火),19(鼠/火),7(鼠/土),16(兔/木)
2026,2026118,38(蛇/木),37(马/土),22(鸡/水),46(鸡/木),49(马/火),40(兔/火),8(猪/木)
2026,2026119,38(蛇/木),18(牛/火),32(猪/火),22(鸡/水),30(牛/水),40(兔/火),11(猴/火)
2026,2026120,18(牛/火),24(羊/木),7(鼠/土),23(猴/水),48(羊/火),20(猪/土),6(牛/土)
2026,2026121,45(狗/水),21(狗/土),35(猴/金),48(羊/火),6(牛/土),20(猪/土),44(猪/水)
2026,2026122,18(牛/火),23(猴/水),15(龙/水),22(鸡/水),25(马/木),45(狗/水),1(马/水)
2026,2026123,39(龙/木),23(猴/水),49(马/火),17(虎/木),42(牛/金),44(猪/水),46(鸡/木)
2026,2026124,46(鸡/木),5(虎/金),10(鸡/火),17(虎/木),12(羊/金),22(鸡/水),39(龙/木)
2026,2026125,16(兔/木),19(鼠/火),7(鼠/土),30(牛/水),38(蛇/木),39(龙/木),31(鼠/水)
2026,2026126,15(龙/水),9(狗/木),5(虎/金),3(龙/火),1(马/水),10(鸡/火),49(马/火)
2026,2026127,14(蛇/水),8(猪/木),27(龙/金),3(龙/火),7(鼠/土),29(虎/土),45(狗/水)
2026,2026128,25(马/木),46(鸡/木),2(蛇/火),7(鼠/土),45(狗/水),42(牛/金),37(马/土)
2026,2026129,34(鸡/金),7(鼠/土),40(兔/火),21(狗/土),17(虎/木),25(马/木),41(虎/火)
2026,2026130,41(虎/火),26(蛇/金),9(狗/木),11(猴/火),5(虎/金),25(马/木),29(虎/土)
2026,2026131,12(羊/金),40(兔/火),21(狗/土),32(猪/火),1(马/水),25(马/木),7(鼠/土)
2026,2026132,48(羊/火),11(猴/火),20(猪/土),44(猪/水),39(龙/木),35(猴/金),30(牛/水)
2026,2026133,38(蛇/木),14(蛇/水),23(猴/水),1(马/水),26(蛇/金),44(猪/水),7(鼠/土)
2026,2026134,24(羊/木),46(鸡/木),40(兔/火),44(猪/水),22(鸡/水),49(马/火),37(马/土)
2026,2026135,8(猪/木),35(猴/金),9(狗/木),20(猪/土),18(牛/火),47(猴/木),30(牛/水)
2026,2026136,1(马/水),14(蛇/水),24(羊/木),17(虎/木),15(龙/水),12(羊/金),48(羊/火)
2026,2026137,24(羊/木),20(猪/土),32(猪/火),5(虎/金),19(鼠/火),7(鼠/土),26(蛇/金)
2026,2026138,38(蛇/木),22(鸡/水),6(牛/土),24(羊/木),20(猪/土),46(鸡/木),49(马/火)
2026,2026139,41(虎/火),45(狗/水),48(羊/火),1(马/水),36(羊/土),30(牛/水),24(羊/木)
2026,2026140,13(马/金),10(鸡/火),42(牛/金),4(兔/金),46(鸡/木),34(鸡/金),16(兔/木)
2026,2026141,43(鼠/金),8(猪/木),17(虎/木),2(蛇/火),34(鸡/金),32(猪/火),33(狗/火)
2026,2026142,45(狗/水),15(龙/水),26(蛇/金),21(狗/土),18(牛/火),35(猴/金),23(猴/水)
2026,2026143,13(马/金),26(蛇/金),18(牛/火),32(猪/火),2(蛇/火),33(狗/火),44(猪/水)
2026,2026144,47(猴/木),31(鼠/水),29(虎/土),33(狗/火),22(鸡/水),26(蛇/金),43(鼠/金)
2026,2026145,36(羊/土),43(鼠/金),25(马/木),32(猪/火),37(马/土),18(牛/火),5(虎/金)
2026,2026146,11(猴/火),30(牛/水),20(猪/土),19(鼠/火),5(虎/金),16(兔/木),42(牛/金)
2026,2026147,29(虎/土),40(兔/火),6(牛/土),18(牛/火),31(鼠/水),10(鸡/火),13(马/金)
2026,2026148,28(兔/土),24(羊/木),31(鼠/水),23(猴/水),4(兔/金),27(龙/金),48(羊/火)
2026,2026149,28(兔/土),30(牛/水),44(猪/水),45(狗/水),4(兔/金),20(猪/土),27(龙/金)
2026,2026150,11(猴/火),4(兔/金),22(鸡/水),25(马/木),44(猪/水),19(鼠/火),9(狗/木)
2026,2026151,27(龙/金),15(龙/水),29(虎/土),42(牛/金),20(猪/土),41(虎/火),31(鼠/水)
2026,2026152,34(鸡/金),47(猴/木),16(兔/木),36(羊/土),44(猪/水),1(马/水),45(狗/水)
2026,2026153,1(马/水),38(蛇/木),33(狗/火),28(兔/土),6(牛/土),40(兔/火),41(虎/火)
2026,2026154,46(鸡/木),28(兔/土),42(牛/金),31(鼠/水),23(猴/水),34(鸡/金),41(虎/火)
2026,2026155,21(狗/土),37(马/土),46(鸡/木),13(马/金),40(兔/火),47(猴/木),7(鼠/土)
2026,2026156,31(鼠/水),16(兔/木),11(猴/火),3(龙/火),37(马/土),12(羊/金),1(马/水)
2026,2026157,43(鼠/金),25(马/木),11(猴/火),31(鼠/水),17(虎/木),10(鸡/火),40(兔/火)
2026,2026158,43(鼠/金),48(羊/火),3(龙/火),1(马/水),12(羊/金),23(猴/水),16(兔/木)
2026,2026159,12(羊/金),4(兔/金),28(兔/土),17(虎/木),20(猪/土),46(鸡/木),39(龙/木)
2026,2026160,8(猪/木),16(兔/木),26(蛇/金),1(马/水),29(虎/土),30(牛/水),2(蛇/火)
2026,2026161,36(羊/土),40(兔/火),42(牛/金),19(鼠/火),34(鸡/金),46(鸡/木),8(猪/木)
2026,2026162,23(猴/水),41(虎/火),24(羊/木),26(蛇/金),33(狗/火),7(鼠/土),32(猪/火)
2026,2026163,39(龙/木),8(猪/木),10(鸡/火),33(狗/火),7(鼠/土),41(虎/火),37(马/土)
2026,2026164,46(鸡/木),4(兔/金),38(蛇/木),12(羊/金),3(龙/火),2(蛇/火),21(狗/土)
2026,2026165,11(猴/火),47(猴/木),9(狗/木),49(马/火),2(蛇/火),1(马/水),3(龙/火)
2026,2026166,20(猪/土),15(龙/水),1(马/水),4(兔/金),21(狗/土),28(兔/土),6(牛/土)
2026,2026167,23(猴/水),3(龙/火),40(兔/火),39(龙/木),7(鼠/土),11(猴/火),19(鼠/火)
2026,2026168,27(龙/金),11(猴/火),24(羊/木),5(虎/金),40(兔/火),33(狗/火),15(龙/水)
2026,2026169,44(猪/水),37(马/土),30(牛/水),8(猪/木),40(兔/火),22(鸡/水),24(羊/木)
2026,2026170,27(龙/金),46(鸡/木),6(牛/土),38(蛇/木),20(猪/土),34(鸡/金),3(龙/火)
2026,2026171,24(羊/木),38(蛇/木),40(兔/火),31(鼠/水),42(牛/金),46(鸡/木),28(兔/土)
2026,2026172,28(兔/土),34(鸡/金),42(牛/金),37(马/土),45(狗/水),8(猪/木),44(猪/水)
2026,2026173,39(龙/木),6(牛/土),16(兔/木),40(兔/火),13(马/金),19(鼠/火),26(蛇/金)
2026,2026174,15(龙/水),8(猪/木),34(鸡/金),13(马/金),28(兔/土),21(狗/土),41(虎/火)
2026,2026175,7(鼠/土),19(鼠/火),30(牛/水),29(虎/土),28(兔/土),25(马/木),26(蛇/金)
2026,2026176,30(牛/水),31(鼠/水),2(蛇/火),36(羊/土),38(蛇/木),15(龙/水),10(鸡/火)
2026,2026177,19(鼠/火),21(狗/土),5(虎/金),1(马/水),2(蛇/火),44(猪/水),14(蛇/水)
2026,2026178,26(蛇/金),46(鸡/木),22(鸡/水),44(猪/水),31(鼠/水),17(虎/木),18(牛/火)
2026,2026179,10(鸡/火),11(猴/火),26(蛇/金),6(牛/土),31(鼠/水),9(狗/木),15(龙/水)
2026,2026180,14(蛇/水),10(鸡/火),37(马/土),30(牛/水),49(马/火),19(鼠/火),21(狗/土)
2026,2026181,17(虎/木),29(虎/土),6(牛/土),34(鸡/金),47(猴/木),15(龙/水),19(鼠/火)
2026,2026182,15(龙/水),23(猴/水),9(狗/木),45(狗/水),24(羊/木),39(龙/木),41(虎/火)
2026,2026183,23(猴/水),9(狗/木),46(鸡/木),37(马/土),42(牛/金),3(龙/火),24(羊/木)
2026,2026184,44(猪/水),24(羊/木),11(猴/火),36(羊/土),25(马/木),20(猪/土),1(马/水)
2026,2026185,18(牛/火),35(猴/金),9(狗/木),41(虎/火),12(羊/金),30(牛/水),36(羊/土)
2026,2026186,17(虎/木),29(虎/土),22(鸡/水),1(马/水),5(虎/金),38(蛇/木),23(猴/水)
2026,2026187,23(猴/水),12(羊/金),36(羊/土),38(蛇/木),27(龙/金),22(鸡/水),1(马/水)
2026,2026188,38(蛇/木),5(虎/金),19(鼠/火),10(鸡/火),14(蛇/水),1(马/水),16(兔/木)
2026,2026189,45(狗/水),12(羊/金),37(马/土),20(猪/土),38(蛇/木),43(鼠/金),15(龙/水)
2026,2026190,46(鸡/木),14(蛇/水),19(鼠/火),37(马/土),48(羊/火),29(虎/土),16(兔/木)
2026,2026191,19(鼠/火),43(鼠/金),39(龙/木),24(羊/木),16(兔/木),26(蛇/金),29(虎/土)
2026,2026192,27(龙/金),30(牛/水),45(狗/水),8(猪/木),1(马/水),37(马/土),25(马/木)
2026,2026193,2(蛇/火),49(马/火),25(马/木),11(猴/火),45(狗/水),29(虎/土),9(狗/木)
2026,2026194,30(牛/水),21(狗/土),22(鸡/水),15(龙/水),4(兔/金),34(鸡/金),26(蛇/金)
2026,2026195,46(鸡/木),23(猴/水),39(龙/木),4(兔/金),9(狗/木),19(鼠/火),25(马/木)
2026,2026196,3(龙/火),37(马/土),24(羊/木),10(鸡/火),41(虎/火),19(鼠/火),39(龙/木)
2026,2026197,40(兔/火),19(鼠/火),30(牛/水),48(羊/火),44(猪/水),28(兔/土),8(猪/木)
2026,2026198,48(羊/火),35(猴/金),45(狗/水),21(狗/土),12(羊/金),24(羊/木),7(鼠/土)
2026,2026199,17(虎/木),49(马/火),42(牛/金),45(狗/水),5(虎/金),38(蛇/木),36(羊/土)
2026,2026200,43(鼠/金),46(鸡/木),5(虎/金),32(猪/火),35(猴/金),29(虎/土),39(龙/木)
2026,2026201,46(鸡/木),28(兔/土),19(鼠/火),38(蛇/木),31(鼠/水),25(马/木),32(猪/火)
2026,2026202,21(狗/土),15(龙/水),25(马/木),47(猴/木),13(马/金),45(狗/水),40(兔/火)
2026,2026203,12(羊/金),11(猴/火),31(鼠/水),3(龙/火),44(猪/水),37(马/土),25(马/木)
2026,2026204,11(猴/火),12(羊/金),17(虎/木),26(蛇/金),10(鸡/火),7(鼠/土),5(虎/金)
2026,2026205,30(牛/水),17(虎/木),39(龙/木),12(羊/金),11(猴/火),28(兔/土),3(龙/火)
2026,2026206,9(狗/木),49(马/火),37(马/土),3(龙/火),40(兔/火),35(猴/金),47(猴/木)
2026,2026207,9(狗/木),40(兔/火),26(蛇/金),23(猴/水),44(猪/水),13(马/金),31(鼠/水)
2026,2026208,7(鼠/土),48(羊/火),40(兔/火),35(猴/金),23(猴/水),28(兔/土),19(鼠/火)
2026,2026209,44(猪/水),5(虎/金),39(龙/木),14(蛇/水),21(狗/土),22(鸡/水),8(猪/木)
2026,2026210,40(兔/火),37(马/土),15(龙/水),17(虎/木),42(牛/金),48(羊/火),49(马/火)
2026,2026211,13(马/金),12(羊/金),39(龙/木),37(马/土),38(蛇/木),8(猪/木),1(马/水)
2026,2026212,43(鼠/金),32(猪/火),16(兔/木),39(龙/木),19(鼠/火),27(龙/金),6(牛/土)
2026,2026213,9(狗/木),5(虎/金),12(羊/金),22(鸡/水),1(马/水),15(龙/水),35(猴/金)
2026,2026214,29(虎/土),30(牛/水),27(龙/金),38(蛇/木),43(鼠/金),31(鼠/水),4(兔/金)
2026,2026215,19(鼠/火),38(蛇/木),30(牛/水),13(马/金),1(马/水),11(猴/火),14(蛇/水)
2026,2026216,18(牛/火),41(虎/火),32(猪/火),44(猪/水),36(羊/土),45(狗/水),37(马/土)
2026,2026217,34(鸡/金),12(羊/金),11(猴/火),30(牛/水),42(牛/金),7(鼠/土),26(蛇/金)
2026,2026218,2(蛇/火),13(马/金),47(猴/木),38(蛇/木),46(鸡/木),23(猴/水),17(虎/木)
2026,2026219,31(鼠/水),41(虎/火),7(鼠/土),8(猪/木),29(虎/土),22(鸡/水),43(鼠/金)
2026,2026220,27(龙/金),39(龙/木),4(兔/金),12(羊/金),38(蛇/木),25(马/木),48(羊/火)
2026,2026221,24(羊/木),14(蛇/水),18(牛/火),48(羊/火),46(鸡/木),28(兔/土),1(马/水)
2026,2026222,49(马/火),14(蛇/水),47(猴/木),27(龙/金),18(牛/火),38(蛇/木),26(蛇/金)
2026,2026223,21(狗/土),43(鼠/金),1(马/水),38(蛇/木),29(虎/土),44(猪/水),23(猴/水)
2026,2026224,25(马/木),19(鼠/火),8(猪/木),49(马/火),18(牛/火),36(羊/土),9(狗/木)
2026,2026225,7(鼠/土),34(鸡/金),27(龙/金),10(鸡/火),19(鼠/火),38(蛇/木),1(马/水)
2026,2026226,1(马/水),11(猴/火),29(虎/土),38(蛇/木),4(兔/金),33(狗/火),17(虎/木)
2026,2026227,23(猴/水),24(羊/木),29(虎/土),7(鼠/土),13(马/金),31(鼠/水),16(兔/木)
2026,2026228,38(蛇/木),26(蛇/金),8(猪/木),6(牛/土),29(虎/土),18(牛/火),23(猴/水)
2026,2026229,11(猴/火),7(鼠/土),15(龙/水),13(马/金),33(狗/火),16(兔/木),38(蛇/木)
2026,2026230,28(兔/土),26(蛇/金),47(猴/木),14(蛇/水),49(马/火),10(鸡/火),16(兔/木)
2026,2026231,39(龙/木),46(鸡/木),23(猴/水),11(猴/火),8(猪/木),13(马/金),20(猪/土)
2026,2026232,29(虎/土),10(鸡/火),17(虎/木),4(兔/金),46(鸡/木),20(猪/土),42(牛/金)
2026,2026233,18(牛/火),41(虎/火),5(虎/金),49(马/火),4(兔/金),34(鸡/金),7(鼠/土)
2026,2026234,25(马/木),30(牛/水),37(马/土),19(鼠/火),7(鼠/土),17(虎/木),39(龙/木)
2026,2026235,27(龙/金),26(蛇/金),35(猴/金),17(虎/木),44(猪/水),21(狗/土),32(猪/火)
2026,2026236,26(蛇/金),35(猴/金),42(牛/金),9(狗/木),14(蛇/水),17(虎/木),11(猴/火)
2026,2026237,47(猴/木),36(羊/土),14(蛇/水),6(牛/土),41(虎/火),25(马/木),12(羊/金)
2026,2026238,35(猴/金),44(猪/水),23(猴/水),4(兔/金),7(鼠/土),21(狗/土),17(虎/木)
2026,2026239,47(猴/木),43(鼠/金),34(鸡/金),17(虎/木),22(鸡/水),7(鼠/土),5(虎/金)
2026,2026240,2(蛇/火),34(鸡/金),22(鸡/水),26(蛇/金),28(兔/土),37(马/土),27(龙/金)
2026,2026241,29(虎/土),45(狗/水),27(龙/金),21(狗/土),42(牛/金),41(虎/火),49(马/火)
2026,2026242,29(虎/土),35(猴/金),46(鸡/木),32(猪/火),13(马/金),31(鼠/水),9(狗/木)
2026,2026243,42(牛/金),17(虎/木),12(羊/金),46(鸡/木),9(狗/木),24(羊/木),21(狗/土)
2026,2026244,9(狗/木),14(蛇/水),3(龙/火),17(虎/木),33(狗/火),40(兔/火),46(鸡/木)
2026,2026245,22(鸡/水),23(猴/水),14(蛇/水),2(蛇/火),13(马/金),38(蛇/木),18(牛/火)
2026,2026246,22(鸡/水),24(羊/木),19(鼠/火),10(鸡/火),20(猪/土),1(马/水),30(牛/水)
2026,2026247,3(龙/火),9(狗/木),43(鼠/金),29(虎/土),46(鸡/木),4(兔/金),40(兔/火)
2026,2026248,43(鼠/金),26(蛇/金),49(马/火),39(龙/木),14(蛇/水),27(龙/金),20(猪/土)
2026,2026249,41(虎/火),22(鸡/水),13(马/金),36(羊/土),26(蛇/金),29(虎/土),23(猴/水)
2026,2026250,10(鸡/火),6(牛/土),39(龙/木),47(猴/木),37(马/土),17(虎/木),14(蛇/水)
2026,2026251,9(狗/木),6(牛/土),11(猴/火),25(马/木),8(猪/木),45(狗/水),30(牛/水)
2026,2026252,33(狗/火),41(虎/火),43(鼠/金),13(马/金),6(牛/土),48(羊/火),22(鸡/水)
2026,2026253,5(虎/金),35(猴/金),15(龙/水),28(兔/土),13(马/金),49(马/火),16(兔/木)
2026,2026254,26(蛇/金),44(猪/水),35(猴/金),6(牛/土),16(兔/木),10(鸡/火),2(蛇/火)
